"","Ensemble","Propriétaire","Locataire","dont d'un logement HLM loué vide","Logé gratuitement","code_insee","Ville","Propriétaires","Locataires","Logés gratuitement"
"1",20804,7733,12712,6368,359,"01053","bourg-en-bresse",37.17,61.1,1.73
"2",9568,3448,5964,3824,157,"01283","oyonnax",36.04,62.33,1.64
"3",11765,3759,7844,5019,161,"02408","laon",31.95,66.67,1.37
"4",26017,10431,15140,6640,446,"02691","saint-quentin",40.09,58.19,1.71
"5",13893,4593,9066,5619,234,"02722","soissons",33.06,65.26,1.68
"6",17656,8374,8946,3119,336,"03185","montlucon",47.43,50.67,1.9
"7",15774,6613,8818,1605,343,"03310","vichy",41.92,55.9,2.17
"8",11102,5192,5654,1569,256,"04112","manosque",46.77,50.93,2.31
"9",20458,10695,9176,3180,587,"05061","gap",52.28,44.85,2.87
"10",38616,21255,16110,3618,1251,"06004","antibes",55.04,41.72,3.24
"11",26138,14814,10333,1790,991,"06027","cagnes-sur-mer",56.68,39.53,3.79
"12",37720,17559,18915,6595,1246,"06029","cannes",46.55,50.15,3.3
"13",20959,11835,8607,1520,518,"06030","le-cannet",56.47,41.07,2.47
"14",20759,11380,8572,2696,806,"06069","grasse",54.82,41.29,3.88
"15",11136,6581,4257,1122,297,"06079","mandelieu-la-napoule",59.1,38.23,2.67
"16",14893,8467,5895,1246,530,"06083","menton",56.85,39.58,3.56
"17",171606,81655,84793,20183,5158,"06088","nice",47.58,49.41,3.01
"18",15019,8440,6170,1347,410,"06123","saint-laurent-du-var",56.2,41.08,2.73
"19",13446,7234,5782,1092,431,"06155","vallauris",53.8,43,3.21
"20",22554,8032,14267,8849,254,"08105","charleville-mezieres",35.61,63.26,1.13
"21",33361,9770,23130,10678,461,"10387","troyes",29.29,69.33,1.38
"22",23315,10962,11972,4438,382,"11069","carcassonne",47.02,51.35,1.64
"23",29302,12558,16186,5293,557,"11262","narbonne",42.86,55.24,1.9
"24",10676,6392,4097,1285,187,"12145","millau",59.87,38.38,1.75
"25",13983,6065,7558,984,361,"12202","rodez",43.37,54.05,2.58
"26",74395,28738,43234,10649,2424,"13001","aix-en-provence",38.63,58.11,3.26
"27",8899,6754,1948,455,198,"13002","allauch",75.9,21.89,2.22
"28",23448,12127,10699,4918,622,"13004","arles",51.72,45.63,2.65
"29",20757,10217,10028,5136,513,"13005","aubagne",49.22,48.31,2.47
"30",18476,9170,8862,4324,443,"13028","la-ciotat",49.63,47.96,2.4
"31",9552,4694,4436,1896,421,"13041","gardanne",49.14,46.44,4.41
"32",19953,10258,9363,4901,331,"13047","istres",51.41,46.93,1.66
"33",14389,8513,5561,1693,315,"13054","marignane",59.16,38.65,2.19
"34",410237,176518,224569,65127,9150,"13055","marseille",43.03,54.74,2.23
"35",22490,10576,11425,6390,489,"13056","martigues",47.03,50.8,2.17
"36",11162,5096,5867,3540,198,"13063","miramas",45.65,52.56,1.77
"37",9200,6674,2225,624,301,"13071","les-pennes-mirabeau",72.54,24.18,3.27
"38",20254,9933,9967,3464,354,"13103","salon-de-provence",49.04,49.21,1.75
"39",14414,8232,5991,3937,191,"13117","vitrolles",57.11,41.56,1.33
"40",61313,18123,41993,13459,1197,"14118","caen",29.56,68.49,1.95
"41",11096,3112,7787,4382,197,"14327","herouville-saint-clair",28.05,70.18,1.78
"42",14194,6795,7080,2632,320,"15014","aurillac",47.87,49.88,2.25
"43",23175,8254,14559,5441,361,"16015","angouleme",35.62,62.82,1.56
"44",12587,5700,6661,2418,226,"17299","rochefort",45.28,52.92,1.8
"45",44130,16470,27010,11102,650,"17300","la-rochelle",37.32,61.21,1.47
"46",14058,7002,6786,2340,270,"17415","saintes",49.81,48.27,1.92
"47",32296,15317,16538,7283,441,"18033","bourges",47.43,51.21,1.37
"48",12426,7114,5158,2010,154,"18279","vierzon",57.25,41.51,1.24
"49",24558,12434,11817,3246,307,"19031","brive-la-gaillarde",50.63,48.12,1.25
"50",10301,4867,5140,2131,293,"21054","beaune",47.25,49.9,2.84
"51",87936,35202,50604,12159,2129,"21231","dijon",40.03,57.55,2.42
"52",10404,5558,4746,1626,100,"22113","lannion",53.42,45.62,0.96
"53",23083,11450,11286,3599,347,"22278","saint-brieuc",49.6,48.89,1.5
"54",14204,7276,6664,1631,264,"24037","bergerac",51.23,46.92,1.86
"55",17135,5900,10849,2976,386,"24322","perigueux",34.43,63.31,2.25
"56",63809,22671,39661,14129,1476,"25056","besancon",35.53,62.16,2.31
"57",11547,4533,6805,4093,208,"25388","montbeliard",39.26,58.93,1.8
"58",19240,9187,9741,3103,312,"26198","montelimar",47.75,50.63,1.62
"59",16219,8055,7931,3146,233,"26281","romans-sur-isere",49.66,48.9,1.44
"60",32602,14103,18015,6205,483,"26362","valence",43.26,55.26,1.48
"61",22870,7116,15339,8452,415,"27229","evreux",31.11,67.07,1.81
"62",10970,4773,6040,3065,158,"27681","vernon",43.51,55.06,1.44
"63",19756,8016,11531,4955,209,"28085","chartres",40.58,58.37,1.06
"64",12267,5237,6799,3991,232,"28134","dreux",42.69,55.43,1.89
"65",75893,32677,41986,13555,1230,"29019","brest",43.06,55.32,1.62
"66",11050,6765,4156,1988,129,"29039","concarneau",61.22,37.61,1.17
"67",34140,18780,14902,5291,457,"29232","quimper",55.01,43.65,1.34
"68",31353,14625,15742,3817,986,"2A004","ajaccio",46.65,50.21,3.14
"69",20882,8438,12083,4466,361,"2B033","bastia",40.41,57.86,1.73
"70",22913,8762,13760,5518,391,"30007","ales",38.24,60.05,1.71
"71",71483,28440,41506,13000,1537,"30189","nimes",39.79,58.06,2.15
"72",13147,6062,6851,1966,235,"31069","blagnac",46.11,52.11,1.79
"73",18406,9000,9231,4535,174,"31149","colomiers",48.9,50.15,0.95
"74",8910,4540,4200,1444,170,"31157","cugnaux",50.95,47.14,1.91
"75",11269,5704,5266,1762,299,"31395","muret",50.62,46.73,2.65
"76",275369,88872,181034,37142,5463,"31555","toulouse",32.27,65.74,1.98
"77",13180,7576,5483,1938,121,"31557","tournefeuille",57.48,41.6,0.92
"78",12196,5296,6638,2021,262,"32013","auch",43.42,54.43,2.15
"79",14642,6329,8034,3880,279,"33039","begles",43.22,54.87,1.91
"80",144318,46708,94981,20531,2629,"33063","bordeaux",32.36,65.81,1.82
"81",11845,6730,4907,1790,207,"33069","le-bouscat",56.82,41.43,1.75
"82",9490,4317,5094,1992,79,"33075","bruges",45.49,53.68,0.83
"83",12840,4166,8551,3909,123,"33119","cenon",32.45,66.6,0.96
"84",11104,5476,5494,2402,134,"33162","eysines",49.32,49.48,1.21
"85",12294,6157,5909,2032,228,"33192","gradignan",50.08,48.06,1.85
"86",10807,7108,3473,1176,227,"33199","gujan-mestras",65.77,32.14,2.1
"87",12355,5358,6778,1783,218,"33243","libourne",43.37,54.86,1.76
"88",10463,2979,7388,5005,96,"33249","lormont",28.47,70.61,0.92
"89",37829,17824,19164,6789,841,"33281","merignac",47.12,50.66,2.22
"90",32049,15096,16350,4697,603,"33318","pessac",47.1,51.02,1.88
"91",14036,8944,4892,2508,200,"33449","saint-medard-en-jalles",63.72,34.85,1.42
"92",25068,8263,16204,3748,601,"33522","talence",32.96,64.64,2.4
"93",13626,8025,5339,1744,261,"33529","la-teste-de-buch",58.89,39.18,1.92
"94",19139,9277,9647,3573,215,"33550","villenave-d-ornon",48.47,50.4,1.12
"95",15401,8452,6540,1156,409,"34003","agde",54.88,42.46,2.66
"96",38231,15685,21848,5956,698,"34032","beziers",41.03,57.15,1.83
"97",12407,5984,6143,1247,280,"34057","castelnau-le-lez",48.23,49.51,2.26
"98",10766,6504,4030,1547,232,"34108","frontignan",60.41,37.43,2.15
"99",11591,6267,5165,1340,159,"34145","lunel",54.07,44.56,1.37
"100",158978,49903,105587,24794,3488,"34172","montpellier",31.39,66.42,2.19
"101",23886,11101,12444,4064,341,"34301","sete",46.47,52.1,1.43
"102",10869,4684,6021,2530,165,"35115","fougeres",43.1,55.4,1.52
"103",118756,41263,75432,24433,2061,"35238","rennes",34.75,63.52,1.74
"104",25415,13064,12098,6237,252,"35288","saint-malo",51.4,47.6,0.99
"105",22042,10198,11396,6282,449,"36044","chateauroux",46.27,51.7,2.04
"106",17993,9243,8514,4142,235,"37122","joue-les-tours",51.37,47.32,1.31
"107",77042,24837,51019,19558,1187,"37261","tours",32.24,66.22,1.54
"108",13622,5270,8047,3798,305,"38053","bourgoin-jallieu",38.69,59.07,2.24
"109",16152,7171,8754,5948,228,"38151","echirolles",44.4,54.2,1.41
"110",10773,5938,4688,2010,146,"38169","fontaine",55.12,43.52,1.36
"111",83592,30412,51209,13645,1972,"38185","grenoble",36.38,61.26,2.36
"112",17264,7388,9546,3123,330,"38421","saint-martin-d-heres",42.79,55.29,1.91
"113",14860,6019,8619,3833,222,"38544","vienne",40.5,58,1.49
"114",10483,4922,5406,2104,155,"38563","voiron",46.95,51.57,1.48
"115",12297,5712,6347,3113,238,"39198","dole",46.45,51.61,1.94
"116",12176,4782,7187,1943,208,"40088","dax",39.27,59.03,1.71
"117",15069,7427,7138,1897,504,"40192","mont-de-marsan",49.29,47.37,3.34
"118",22987,8877,13649,6990,462,"41018","blois",38.62,59.38,2.01
"119",19102,7540,11200,3724,363,"42187","roanne",39.47,58.63,1.9
"120",15405,7377,7835,5289,193,"42207","saint-chamond",47.89,50.86,1.25
"121",85898,33639,50748,17328,1510,"42218","saint-etienne",39.16,59.08,1.76
"122",8625,5569,2941,1535,115,"44020","bouguenais",64.57,34.1,1.33
"123",8907,5319,3493,957,94,"44026","carquefou",59.72,39.22,1.06
"124",8489,5828,2611,1095,49,"44035","la-chapelle-sur-erdre",68.65,30.76,0.58
"125",9712,6518,3119,1655,74,"44047","coueron",67.11,32.11,0.76
"126",170341,62189,105640,33599,2512,"44109","nantes",36.51,62.02,1.47
"127",12097,8010,4002,1523,85,"44114","orvault",66.21,33.08,0.7
"128",20321,11650,8457,3454,214,"44143","reze",57.33,41.62,1.05
"129",23298,12922,10124,4786,252,"44162","saint-herblain",55.46,43.45,1.08
"130",36615,17818,18314,7710,483,"44184","saint-nazaire",48.66,50.02,1.32
"131",13755,8243,5389,1867,123,"44190","saint-sebastien-sur-loire",59.93,39.18,0.89
"132",11303,8039,3175,951,89,"44215","vertou",71.12,28.09,0.79
"133",9395,4918,4288,2318,189,"45147","fleury-les-aubrais",52.35,45.64,2.01
"134",11213,6043,5043,968,126,"45232","olivet",53.89,44.97,1.12
"135",58306,21205,35883,12786,1219,"45234","orleans",36.37,61.54,2.09
"136",9470,4975,4374,2133,121,"45284","saint-jean-de-braye",52.53,46.19,1.28
"137",10985,5246,5534,1990,204,"46042","cahors",47.76,50.38,1.86
"138",17466,5587,11482,3170,397,"47001","agen",31.99,65.74,2.27
"139",11012,6057,4795,848,160,"47323","villeneuve-sur-lot",55,43.54,1.45
"140",83463,27019,55360,23322,1084,"49007","angers",32.37,66.33,1.3
"141",9607,7148,2432,853,26,"49023","beaupreau-en-mauges",74.4,25.31,0.27
"142",8596,6122,2398,939,77,"49092","chemille-en-anjou",71.22,27.9,0.9
"143",25929,14545,11210,4670,174,"49099","cholet",56.1,43.23,0.67
"144",10314,7901,2339,822,74,"49301","sevremoine",76.6,22.68,0.72
"145",13259,6288,6806,2899,165,"49328","saumur",47.42,51.33,1.24
"146",39179,17031,21713,13714,435,"50129","cherbourg-en-cotentin",43.47,55.42,1.11
"147",21783,7875,13636,8528,271,"51108","chalons-en-champagne",36.15,62.6,1.24
"148",11323,4957,6065,2952,301,"51230","epernay",43.78,53.56,2.66
"149",92474,25699,65202,34523,1574,"51454","reims",27.79,70.51,1.7
"150",11426,4702,6357,3916,367,"52121","chaumont",41.15,55.64,3.21
"151",11244,4790,6308,3717,147,"52448","saint-dizier",42.6,56.1,1.31
"152",25880,10988,14591,6422,300,"53130","laval",42.46,56.38,1.16
"153",59974,16462,42205,8934,1307,"54395","nancy",27.45,70.37,2.18
"154",15455,4901,10221,3585,332,"54547","vandoeuvre-les-nancy",31.71,66.13,2.15
"155",10814,6218,4539,2658,57,"56098","lanester",57.5,41.97,0.53
"156",32458,13853,18238,7435,367,"56121","lorient",42.68,56.19,1.13
"157",29688,13412,15868,5276,408,"56260","vannes",45.18,53.45,1.37
"158",9124,3764,4865,1711,496,"57227","forbach",41.25,53.32,5.44
"159",61061,20405,39384,13506,1272,"57463","metz",33.42,64.5,2.08
"160",11106,4301,6664,3147,141,"57480","montigny-les-metz",38.73,60,1.27
"161",10205,4411,5533,1715,261,"57631","sarreguemines",43.22,54.22,2.56
"162",20899,9533,11035,4041,331,"57672","thionville",45.61,52.8,1.58
"163",17910,7488,10145,4301,277,"58194","nevers",41.81,56.64,1.55
"164",27582,11192,15855,9292,535,"59009","villeneuve-d-ascq",40.58,57.48,1.94
"165",11444,5373,5942,2781,130,"59017","armentieres",46.95,51.92,1.14
"166",16114,7116,8780,2678,218,"59122","cambrai",44.16,54.49,1.35
"167",9266,5338,3826,2590,101,"59155","coudekerque-branche",57.61,41.29,1.09
"168",9608,5232,4277,1721,99,"59163","croix",54.45,44.51,1.03
"169",7911,3036,4797,2433,78,"59172","denain",38.38,60.64,0.99
"170",18301,6507,11250,5829,543,"59178","douai",35.56,61.47,2.97
"171",41989,19075,22498,13135,417,"59183","dunkerque",45.43,53.58,0.99
"172",7821,2886,4907,4517,28,"59271","grande-synthe",36.9,62.74,0.36
"173",8367,5285,3039,1588,43,"59279","halluin",63.16,36.32,0.51
"174",9696,5497,4085,1444,113,"59295","hazebrouck",56.69,42.13,1.17
"175",12500,7637,4689,1925,174,"59328","lambersart",61.1,37.51,1.39
"176",126021,34903,88342,25857,2775,"59350","lille",27.7,70.1,2.2
"177",10881,4148,6559,3241,173,"59360","loos",38.12,60.28,1.59
"178",11480,5000,6335,2780,146,"59368","la-madeleine",43.55,55.18,1.27
"179",17835,10400,7211,3152,225,"59378","marcq-en-baroeul",58.31,40.43,1.26
"180",12592,5826,6591,3824,174,"59392","maubeuge",46.27,52.34,1.38
"181",9074,4087,4872,3005,115,"59410","mons-en-baroeul",45.04,53.69,1.27
"182",38176,12843,24846,13602,487,"59512","roubaix",33.64,65.08,1.28
"183",40987,19682,20888,10570,418,"59599","tourcoing",48.02,50.96,1.02
"184",22187,7378,14385,5404,424,"59606","valenciennes",33.25,64.84,1.91
"185",9435,5175,4144,2108,116,"59646","wasquehal",54.85,43.92,1.23
"186",16930,9444,7321,5325,165,"59650","wattrelos",55.78,43.24,0.97
"187",25863,9029,16169,8550,666,"60057","beauvais",34.91,62.52,2.58
"188",19567,6805,12380,5558,381,"60159","compiegne",34.78,63.27,1.95
"189",13064,2555,10359,6875,151,"60175","creil",19.56,79.29,1.16
"190",8043,3130,4783,3070,129,"60463","nogent-sur-oise",38.92,59.47,1.6
"191",13476,4927,8378,4600,170,"61001","alencon",36.56,62.17,1.26
"192",21329,7084,13912,6656,333,"62041","arras",33.21,65.23,1.56
"193",12353,4705,7512,2943,137,"62119","bethune",38.09,60.81,1.11
"194",20591,5914,14462,6516,215,"62160","boulogne-sur-mer",28.72,70.23,1.04
"195",9783,3412,6073,3994,298,"62178","bruay-la-buissiere",34.88,62.08,3.05
"196",31949,14101,17400,8104,449,"62193","calais",44.14,54.46,1.41
"197",11311,5472,5637,3046,203,"62427","henin-beaumont",48.38,49.84,1.79
"198",15531,4110,10853,6090,569,"62498","lens",26.46,69.88,3.66
"199",12919,5145,7593,5282,181,"62510","lievin",39.83,58.77,1.4
"200",80150,25020,53267,19695,1862,"63113","clermont-ferrand",31.22,66.46,2.32
"201",9455,6020,3337,1885,98,"63124","cournon-d-auvergne",63.67,35.29,1.04
"202",22174,12347,9366,2585,461,"64024","anglet",55.68,42.24,2.08
"203",29119,10596,17911,5547,613,"64102","bayonne",36.39,61.51,2.11
"204",14943,8453,6011,1410,478,"64122","biarritz",56.57,40.23,3.2
"205",43755,16847,26134,7647,775,"64445","pau",38.5,59.73,1.77
"206",25029,8556,16067,5975,406,"65440","tarbes",34.18,64.19,1.62
"207",59407,23987,34108,8875,1312,"66136","perpignan",40.38,57.41,2.21
"208",16755,8931,7201,1403,623,"67180","haguenau",53.3,42.98,3.72
"209",13322,6108,6992,2453,222,"67218","illkirch-graffenstaden",45.85,52.48,1.67
"210",9138,5285,3719,1198,134,"67267","lingolsheim",57.84,40.7,1.47
"211",15840,5293,10296,3939,252,"67447","schiltigheim",33.42,65,1.59
"212",140393,37864,99259,31390,3270,"67482","strasbourg",26.97,70.7,2.33
"213",32649,12122,19985,9316,543,"68066","colmar",37.13,61.21,1.66
"214",47917,15878,31175,11174,864,"68224","mulhouse",33.14,65.06,1.8
"215",10408,4380,5927,2528,100,"68297","saint-louis",42.08,56.95,0.96
"216",18371,8645,9403,4140,322,"69029","bron",47.06,51.18,1.75
"217",21042,11864,8778,2799,400,"69034","caluire-et-cuire",56.38,41.72,1.9
"218",8280,3436,4700,3129,145,"69091","givors",41.5,56.76,1.75
"219",270975,91513,173470,42886,5993,"69123","lyon",33.77,64.02,2.21
"220",17657,8735,8653,2530,269,"69149","oullins-pierre-benite",49.47,49.01,1.52
"221",10039,6348,3497,1066,194,"69202","sainte-foy-les-lyon",63.23,34.83,1.93
"222",9187,5336,3657,1403,195,"69204","saint-genis-laval",58.08,39.81,2.12
"223",10679,5523,4937,1273,219,"69244","tassin-la-demi-lune",51.72,46.23,2.05
"224",18750,7018,11553,8169,179,"69256","vaulx-en-velin",37.43,61.62,0.95
"225",27075,9068,17650,10959,357,"69259","venissieux",33.49,65.19,1.32
"226",17328,6122,11010,4714,196,"69264","villefranche-sur-saone",35.33,63.54,1.13
"227",78842,28250,49385,13496,1207,"69266","villeurbanne",35.83,62.64,1.53
"228",12526,6559,5774,2477,193,"69275","decines-charpieu",52.36,46.1,1.54
"229",14290,8745,5384,2354,161,"69282","meyzieu",61.2,37.68,1.13
"230",12167,4930,7100,5715,137,"69286","rillieux-la-pape",40.52,58.35,1.13
"231",20358,10016,10129,5569,214,"69290","saint-priest",49.2,49.75,1.05
"232",24552,9606,14544,5784,402,"71076","chalon-sur-saone",39.13,59.24,1.64
"233",11014,4562,6317,3168,135,"71153","le-creusot",41.42,57.35,1.23
"234",16882,6243,10412,5874,227,"71270","macon",36.98,61.68,1.34
"235",72966,33252,39024,18305,689,"72181","le-mans",45.57,53.48,0.94
"236",16864,8662,7875,2148,327,"73008","aix-les-bains",51.36,46.7,1.94
"237",29346,11697,17111,7498,538,"73065","chambery",39.86,58.31,1.83
"238",64843,32227,31276,10621,1340,"74010","annecy",49.7,48.23,2.07
"239",17789,6588,10890,3704,311,"74012","annemasse",37.03,61.22,1.75
"240",18069,8395,9306,3246,368,"74281","thonon-les-bains",46.46,51.5,2.04
"241",1128251,376668,698003,204112,53580,"75056","paris",33.39,61.87,4.75
"242",15144,5426,9580,5674,137,"76217","dieppe",35.83,63.26,0.9
"243",13017,3353,9540,8243,124,"76322","le-grand-quevilly",25.76,73.29,0.95
"244",82164,32027,49095,25975,1041,"76351","le-havre",38.98,59.75,1.27
"245",10014,4765,4993,1313,256,"76451","mont-saint-aignan",47.58,49.86,2.56
"246",10237,4109,6028,3121,99,"76498","le-petit-quevilly",40.14,58.88,0.97
"247",65740,18236,46179,12365,1325,"76540","rouen",27.74,70.24,2.02
"248",12066,5445,6527,4270,94,"76575","saint-etienne-du-rouvray",45.13,54.09,0.78
"249",13772,6702,6900,4362,170,"76681","sotteville-les-rouen",48.66,50.1,1.23
"250",11026,5672,5137,1564,217,"77058","bussy-saint-georges",51.44,46.59,1.97
"251",10574,4745,5648,2880,182,"77083","champs-sur-marne",44.87,53.41,1.72
"252",22512,12931,9264,4410,317,"77108","chelles",57.44,41.15,1.41
"253",9157,5843,3163,1681,151,"77122","combs-la-ville",63.81,34.54,1.65
"254",9396,3943,5293,3526,159,"77152","dammarie-les-lys",41.96,56.33,1.69
"255",9761,5392,4222,1511,147,"77243","lagny-sur-marne",55.24,43.25,1.51
"256",23698,8752,14579,7683,366,"77284","meaux",36.93,61.52,1.54
"257",7881,3831,3926,2792,124,"77285","le-mee-sur-seine",48.61,49.82,1.57
"258",18070,4827,12599,6196,644,"77288","melun",26.71,69.72,3.56
"259",7516,4557,2826,1745,133,"77294","mitry-mory",60.63,37.6,1.77
"260",8200,2107,5957,3455,136,"77305","montereau-fault-yonne",25.7,72.65,1.66
"261",8328,5472,2752,1106,104,"77350","ozoir-la-ferriere",65.71,33.05,1.25
"262",14968,8904,5929,2740,135,"77373","pontault-combault",59.49,39.61,0.9
"263",8368,5421,2860,1666,87,"77390","roissy-en-brie",64.78,34.18,1.04
"264",10500,5945,4430,2829,126,"77445","savigny-le-temple",56.62,42.19,1.2
"265",9089,4156,4803,2852,131,"77468","torcy",45.73,52.84,1.44
"266",10466,5632,4684,1753,150,"77514","villeparisis",53.81,44.75,1.43
"267",9058,3821,5151,3540,86,"78005","acheres",42.18,56.87,0.95
"268",8490,4471,3899,2592,120,"78126","la-celle-saint-cloud",52.66,45.92,1.41
"269",12881,7891,4752,1631,239,"78146","chatou",61.26,36.89,1.86
"270",14684,9002,5428,1478,254,"78158","le-chesnay-rocquencourt",61.3,36.97,1.73
"271",14534,8945,5321,2598,268,"78172","conflans-sainte-honorine",61.55,36.61,1.84
"272",11047,6950,3976,1877,121,"78208","elancourt",62.91,35.99,1.1
"273",12008,4737,7140,4998,132,"78297","guyancourt",39.45,59.46,1.1
"274",14173,9048,4857,1651,268,"78311","houilles",63.84,34.27,1.89
"275",10445,6070,4143,910,233,"78358","maisons-laffitte",58.11,39.66,2.23
"276",17196,5151,11774,6852,271,"78361","mantes-la-jolie",29.95,68.47,1.58
"277",8529,3966,4447,2999,116,"78362","mantes-la-ville",46.5,52.14,1.36
"278",14307,8212,5932,2555,163,"78423","montigny-le-bretonneux",57.4,41.46,1.14
"279",11587,4873,6585,4467,128,"78440","les-mureaux",42.06,56.83,1.1
"280",12461,6967,5295,3131,200,"78490","plaisir",55.91,42.49,1.61
"281",17287,7177,9807,5601,302,"78498","poissy",41.52,56.73,1.75
"282",12782,6807,5692,2264,283,"78517","rambouillet",53.25,44.53,2.21
"283",8728,3884,4752,2537,92,"78545","saint-cyr-l-ecole",44.5,54.45,1.05
"284",19786,9255,9849,3390,682,"78551","saint-germain-en-laye",46.78,49.78,3.45
"285",21271,12266,8678,4759,328,"78586","sartrouville",57.67,40.8,1.54
"286",12315,3899,8313,5957,103,"78621","trappes",31.66,67.5,0.84
"287",10318,4242,5823,1553,253,"78640","velizy-villacoublay",41.11,56.44,2.45
"288",37275,16334,18766,6179,2176,"78646","versailles",43.82,50.34,5.84
"289",31281,15248,15752,5375,280,"79191","niort",48.75,50.36,0.9
"290",11316,4305,6869,3799,142,"80001","abbeville",38.04,60.7,1.25
"291",68045,20780,45598,19891,1666,"80021","amiens",30.54,67.01,2.45
"292",26704,12290,13999,3279,415,"81004","albi",46.02,52.42,1.55
"293",20700,11420,8906,2671,374,"81065","castres",55.17,43.02,1.81
"294",28591,15722,12504,3298,366,"82121","montauban",54.99,43.73,1.28
"295",17964,9182,8323,2375,459,"83050","draguignan",51.11,46.33,2.56
"296",27603,15138,11785,2922,680,"83061","frejus",54.84,42.69,2.46
"297",12444,6254,5953,2206,237,"83062","la-garde",50.26,47.84,1.9
"298",27747,13781,12474,3095,1492,"83069","hyeres",49.67,44.96,5.38
"299",19122,12286,6405,1294,431,"83118","saint-raphael",64.25,33.5,2.25
"300",29832,15714,13587,4331,531,"83126","la-seyne-sur-mer",52.67,45.55,1.78
"301",18494,11771,6232,1391,492,"83129","six-fours-les-plages",63.65,33.7,2.66
"302",90284,40067,48643,11109,1574,"83137","toulon",44.38,53.88,1.74
"303",11723,6678,4701,1073,343,"83144","la-valette-du-var",56.96,40.1,2.93
"304",43327,15642,26912,10532,773,"84007","avignon",36.1,62.11,1.78
"305",13804,6378,7169,2065,256,"84031","carpentras",46.2,51.93,1.85
"306",12094,5340,6550,2294,204,"84035","cavaillon",44.15,54.16,1.69
"307",13207,6283,6525,2546,400,"84087","orange",47.57,49.41,3.03
"308",9472,5217,3975,668,280,"84089","pertuis",55.08,41.97,2.96
"309",10837,6668,4071,665,97,"85047","challans",61.53,37.57,0.9
"310",8848,6150,2632,557,66,"85146","montaigu-vendee",69.51,29.75,0.75
"311",28313,13501,14533,5885,278,"85191","la-roche-sur-yon",47.68,51.33,0.98
"312",25595,17010,8134,1847,451,"85194","les-sables-d-olonne",66.46,31.78,1.76
"313",15776,8320,7167,2784,289,"86066","chatellerault",52.74,45.43,1.83
"314",50099,14897,34314,11024,888,"86194","poitiers",29.74,68.49,1.77
"315",73071,28918,42698,15158,1455,"87085","limoges",39.58,58.43,1.99
"316",16054,6645,9099,4325,309,"88160","epinal",41.39,56.68,1.92
"317",17833,7149,10192,5220,491,"89024","auxerre",40.09,57.15,2.75
"318",13009,4752,8048,4129,209,"89387","sens",36.53,61.86,1.61
"319",23319,7574,15273,7012,472,"90010","belfort",32.48,65.5,2.02
"320",14475,6485,7774,4405,216,"91027","athis-mons",44.8,53.71,1.49
"321",11178,5385,5595,2986,199,"91103","bretigny-sur-orge",48.17,50.05,1.78
"322",10711,7003,3539,1501,170,"91114","brunoy",65.38,33.04,1.59
"323",21268,8255,12724,5064,288,"91174","corbeil-essonnes",38.81,59.83,1.35
"324",11745,6996,4551,2986,198,"91201","draveil",59.57,38.75,1.69
"325",10763,4648,5880,2129,235,"91223","etampes",43.18,54.63,2.18
"326",26645,10516,15693,8843,435,"91228","evry-courcouronnes",39.47,58.9,1.63
"327",10117,5995,3898,1005,224,"91272","gif-sur-yvette",59.26,38.53,2.21
"328",9240,2794,6345,3438,102,"91286","grigny",30.24,68.67,1.1
"329",8862,4846,3855,2307,162,"91345","longjumeau",54.68,43.5,1.83
"330",22837,9080,13483,6159,273,"91377","massy",39.76,59.04,1.2
"331",9373,5727,3528,2040,118,"91421","montgeron",61.1,37.64,1.26
"332",8248,5308,2820,1816,120,"91434","morsang-sur-orge",64.35,34.19,1.45
"333",15670,7621,7776,3226,272,"91477","palaiseau",48.63,49.62,1.74
"334",11388,5946,5307,3224,135,"91521","ris-orangis",52.21,46.6,1.19
"335",14926,8734,5983,3590,209,"91549","sainte-genevieve-des-bois",58.52,40.08,1.4
"336",8896,4616,4143,2200,136,"91570","saint-michel-sur-orge",51.89,46.57,1.53
"337",15609,9779,5526,2115,304,"91589","savigny-sur-orge",62.65,35.4,1.95
"338",11804,5558,6111,4184,135,"91657","vigneux-sur-seine",47.09,51.77,1.14
"339",13008,6451,6289,3862,268,"91687","viry-chatillon",49.59,48.35,2.06
"340",12028,8556,3278,1558,195,"91691","yerres",71.13,27.25,1.62
"341",9803,3778,5863,4043,163,"91692","les-ulis",38.54,59.81,1.66
"342",27478,15749,11096,4658,633,"92002","antony",57.31,40.38,2.3
"343",39799,16936,22107,7326,755,"92004","asnieres-sur-seine",42.55,55.55,1.9
"344",17966,4294,13390,10228,282,"92007","bagneux",23.9,74.53,1.57
"345",13538,7099,6189,1943,250,"92009","bois-colombes",52.44,45.72,1.85
"346",59280,26453,30769,7219,2058,"92012","boulogne-billancourt",44.62,51.9,3.47
"347",9178,4805,4181,1426,192,"92014","bourg-la-reine",52.35,45.55,2.09
"348",15000,6372,8370,5459,258,"92019","chatenay-malabry",42.48,55.8,1.72
"349",17005,8425,8270,3054,309,"92020","chatillon",49.54,48.63,1.82
"350",23544,11906,11246,5977,392,"92023","clamart",50.57,47.77,1.66
"351",30226,8868,20825,9052,533,"92024","clichy",29.34,68.9,1.76
"352",36451,16212,19583,10595,655,"92025","colombes",44.48,53.72,1.8
"353",39686,16675,22082,7937,928,"92026","courbevoie",42.02,55.64,2.34
"354",11022,4801,6011,3673,211,"92032","fontenay-aux-roses",43.56,54.54,1.91
"355",13936,6793,6898,1840,246,"92035","la-garenne-colombes",48.74,49.5,1.77
"356",19599,4411,14899,10603,289,"92036","gennevilliers",22.51,76.02,1.47
"357",32254,13334,17843,6915,1078,"92040","issy-les-moulineaux",41.34,55.32,3.34
"358",32973,12059,20065,6063,848,"92044","levallois-perret",36.57,60.85,2.57
"359",14862,4620,9830,5610,411,"92046","malakoff",31.09,66.14,2.77
"360",20352,10759,9198,4204,395,"92048","meudon",52.86,45.19,1.94
"361",23896,9855,13356,4522,685,"92049","montrouge",41.24,55.89,2.87
"362",39876,11111,27545,17547,1220,"92050","nanterre",27.86,69.08,3.06
"363",28847,14596,12631,1684,1620,"92051","neuilly-sur-seine",50.6,43.79,5.62
"364",13201,6381,6416,3791,404,"92060","le-plessis-robinson",48.34,48.6,3.06
"365",21205,8006,12796,5662,403,"92062","puteaux",37.76,60.34,1.9
"366",34249,17647,15947,7584,654,"92063","rueil-malmaison",51.53,46.56,1.91
"367",12949,7471,5152,1470,326,"92064","saint-cloud",57.7,39.79,2.52
"368",9074,4336,4480,1874,258,"92071","sceaux",47.78,49.37,2.84
"369",10053,5495,4357,2071,202,"92072","sevres",54.66,43.34,2.01
"370",21961,8180,13315,7479,466,"92073","suresnes",37.25,60.63,2.12
"371",13410,6254,6792,2522,365,"92075","vanves",46.64,50.65,2.72
"372",9425,2431,6848,5204,146,"92078","villeneuve-la-garenne",25.79,72.66,1.55
"373",34904,7731,26586,10538,588,"93001","aubervilliers",22.15,76.17,1.68
"374",31019,13851,16661,9301,507,"93005","aulnay-sous-bois",44.65,53.71,1.63
"375",16283,5185,10756,6348,342,"93006","bagnolet",31.84,66.06,2.1
"376",20793,8043,12380,7831,370,"93007","le-blanc-mesnil",38.68,59.54,1.78
"377",19451,5285,13883,9336,283,"93008","bobigny",27.17,71.37,1.45
"378",20018,7997,11728,7532,293,"93010","bondy",39.95,58.59,1.46
"379",9036,3073,5799,2979,165,"93014","clichy-sous-bois",34.01,64.18,1.83
"380",16098,4253,11551,6844,294,"93027","la-courneuve",26.42,71.75,1.83
"381",28140,11973,15336,7851,831,"93029","drancy",42.55,54.5,2.95
"382",20579,7352,12934,7545,293,"93031","epinay-sur-seine",35.73,62.85,1.42
"383",15688,9208,6222,3008,258,"93032","gagny",58.69,39.66,1.64
"384",10778,3972,6605,2984,201,"93045","les-lilas",36.85,61.28,1.86
"385",18623,10394,7770,2970,460,"93046","livry-gargan",55.81,41.72,2.47
"386",9571,5833,3594,2013,144,"93047","montfermeil",60.94,37.55,1.5
"387",49135,17899,30174,15676,1062,"93048","montreuil",36.43,61.41,2.16
"388",9430,5368,3878,1195,184,"93049","neuilly-plaisance",56.92,41.12,1.95
"389",14907,6072,8645,5614,190,"93050","neuilly-sur-marne",40.73,57.99,1.27
"390",29075,14318,14287,6808,471,"93051","noisy-le-grand",49.25,49.14,1.62
"391",17841,6006,11581,7343,255,"93053","noisy-le-sec",33.66,64.91,1.43
"392",25852,6979,18203,9491,670,"93055","pantin",27,70.41,2.59
"393",9748,5171,4400,1372,177,"93057","les-pavillons-sous-bois",53.05,45.14,1.82
"394",11495,3447,7905,4418,142,"93059","pierrefitte-sur-seine",29.99,68.77,1.24
"395",13534,5509,7840,4346,185,"93063","romainville",40.7,57.93,1.37
"396",19469,8440,10325,4245,704,"93064","rosny-sous-bois",43.35,53.03,3.62
"397",46380,10106,35276,18077,998,"93066","saint-denis",21.79,76.06,2.15
"398",23978,5701,17943,8479,334,"93070","saint-ouen-sur-seine",23.78,74.83,1.39
"399",17652,7967,9460,5773,226,"93071","sevran",45.13,53.59,1.28
"400",13992,3742,10122,6863,128,"93072","stains",26.74,72.34,0.91
"401",13792,7886,5672,3168,234,"93073","tremblay-en-france",57.18,41.13,1.7
"402",12573,6306,6063,2693,203,"93077","villemomble",50.16,48.22,1.61
"403",12797,6654,6001,3255,141,"93078","villepinte",52,46.89,1.1
"404",21260,6787,14040,8194,434,"94002","alfortville",31.92,66.04,2.04
"405",10159,3151,6775,3659,234,"94003","arcueil",31.02,66.69,2.3
"406",13687,5239,8199,3759,248,"94016","cachan",38.28,59.9,1.81
"407",31350,13927,16875,10959,548,"94017","champigny-sur-marne",44.42,53.83,1.75
"408",13866,5603,7936,3411,327,"94018","charenton-le-pont",40.41,57.23,2.36
"409",8291,3571,4572,3049,148,"94021","chevilly-larue",43.07,55.14,1.79
"410",19953,7530,12029,6402,394,"94022","choisy-le-roi",37.74,60.29,1.97
"411",39226,13097,25296,14873,833,"94028","creteil",33.39,64.49,2.12
"412",21989,10785,10804,5677,400,"94033","fontenay-sous-bois",49.05,49.13,1.82
"413",11277,5391,5744,3201,141,"94034","fresnes",47.81,50.94,1.25
"414",12907,6002,6594,3614,312,"94038","l-hay-les-roses",46.5,51.09,2.42
"415",29379,8402,20200,8962,778,"94041","ivry-sur-seine",28.6,68.76,2.65
"416",9141,4422,4525,2171,194,"94042","joinville-le-pont",48.38,49.5,2.12
"417",11794,3484,7938,3597,372,"94043","le-kremlin-bicetre",29.54,67.31,3.15
"418",10489,5562,4787,2291,140,"94044","limeil-brevannes",53.03,45.64,1.33
"419",26908,11775,13762,6358,1371,"94046","maisons-alfort",43.76,51.14,5.1
"420",15503,8424,6646,2075,433,"94052","nogent-sur-marne",54.34,42.87,2.79
"421",9702,3327,6202,4394,174,"94054","orly",34.29,63.92,1.79
"422",15359,9548,5580,1204,231,"94058","le-perreux-sur-marne",62.17,36.33,1.5
"423",8485,4768,3617,1187,100,"94059","le-plessis-trevise",56.19,42.63,1.18
"424",10367,5262,4801,1088,304,"94067","saint-mande",50.76,46.31,2.93
"425",35049,21619,12612,2310,818,"94068","saint-maur-des-fosses",61.68,35.98,2.33
"426",11240,7362,3660,1909,218,"94071","sucy-en-brie",65.5,32.56,1.94
"427",13461,7141,6003,2479,317,"94073","thiais",53.05,44.6,2.35
"428",25590,9125,15804,7900,660,"94076","villejuif",35.66,61.76,2.58
"429",8422,4890,3391,1811,142,"94077","villeneuve-le-roi",58.06,40.26,1.69
"430",12763,4111,8532,4342,119,"94078","villeneuve-saint-georges",32.21,66.85,0.93
"431",13247,6422,6690,2976,135,"94079","villiers-sur-marne",48.48,50.5,1.02
"432",24770,11966,11993,2086,811,"94080","vincennes",48.31,48.42,3.27
"433",38523,14161,23443,13530,919,"94081","vitry-sur-seine",36.76,60.85,2.39
"434",42958,18857,23347,12196,754,"95018","argenteuil",43.9,54.35,1.76
"435",12768,5483,7117,4378,167,"95063","bezons",42.94,55.74,1.31
"436",27352,8667,17702,8874,984,"95127","cergy",31.69,64.72,3.6
"437",10607,7008,3454,1220,145,"95176","cormeilles-en-parisis",66.07,32.56,1.37
"438",9775,5825,3801,1478,150,"95197","deuil-la-barre",59.59,38.88,1.53
"439",10492,6980,3375,1435,138,"95203","eaubonne",66.53,32.17,1.32
"440",12481,6141,6150,4012,191,"95219","ermont",49.2,49.27,1.53
"441",15928,9231,6501,2943,196,"95252","franconville",57.95,40.81,1.23
"442",14037,4604,9250,6427,182,"95268","garges-les-gonesse",32.8,65.9,1.3
"443",9679,4153,5419,3580,107,"95277","gonesse",42.91,55.99,1.11
"444",10261,5443,4682,2956,136,"95280","goussainville",53.05,45.63,1.33
"445",11966,7790,4058,1922,118,"95306","herblay-sur-seine",65.1,33.91,0.99
"446",7742,4332,3332,2216,79,"95424","montigny-les-cormeilles",55.95,43.04,1.02
"447",9108,5200,3713,1459,195,"95428","montmorency",57.09,40.77,2.14
"448",13502,4886,7883,3561,733,"95500","pontoise",36.19,58.38,5.43
"449",9022,4650,4246,2090,126,"95555","saint-gratien",51.54,47.06,1.4
"450",10148,4789,5210,2579,150,"95572","saint-ouen-l-aumone",47.19,51.34,1.48
"451",10962,5842,4968,2993,152,"95582","sannois",53.29,45.32,1.39
"452",19820,5980,13601,10172,240,"95585","sarcelles",30.17,68.62,1.21
"453",10703,6965,3616,1853,122,"95607","taverny",65.08,33.78,1.14
"454",9886,3113,6655,4902,119,"95680","villiers-le-bel",31.49,67.32,1.2
"455",24721,11109,12544,5892,1068,"97101","les-abymes",44.94,50.74,4.32
"456",13301,6691,6091,3511,520,"97103","baie-mahault",50.3,45.79,3.91
"457",12890,7476,4810,755,604,"97113","le-gosier",58,37.32,4.69
"458",10118,6547,2812,965,759,"97117","le-moule",64.71,27.79,7.5
"459",10745,6594,3657,1464,494,"97118","petit-bourg",61.37,34.03,4.6
"460",11293,7466,3055,802,772,"97128","sainte-anne",66.11,27.05,6.84
"461",37243,14797,20496,8874,1951,"97209","fort-de-france",39.73,55.03,5.24
"462",18536,8740,8385,4280,1411,"97213","le-lamentin",47.15,45.24,7.61
"463",9581,6034,2718,1198,829,"97222","le-robert",62.98,28.37,8.65
"464",24679,5211,17762,5080,1706,"97302","cayenne",21.12,71.97,6.91
"465",7681,2768,4376,2275,536,"97304","kourou",36.04,56.97,6.98
"466",11357,5165,5595,1506,597,"97307","matoury",45.48,49.26,5.26
"467",10139,4294,5015,1338,830,"97309","remire-montjoly",42.35,49.46,8.19
"468",11606,5125,4525,1739,1956,"97311","saint-laurent-du-maroni",44.16,38.99,16.85
"469",12544,4200,8078,6123,266,"97407","le-port",33.48,64.4,2.12
"470",13830,6934,6489,2905,408,"97408","la-possession",50.14,46.92,2.95
"471",21216,10209,10205,4092,802,"97409","saint-andre",48.12,48.1,3.78
"472",13987,7675,5897,3139,415,"97410","saint-benoit",54.87,42.16,2.97
"473",67514,20394,45342,17941,1778,"97411","saint-denis",30.21,67.16,2.63
"474",15749,9399,5332,1483,1018,"97412","saint-joseph",59.68,33.86,6.46
"475",14087,8797,4478,1254,812,"97413","saint-leu",62.45,31.79,5.76
"476",20198,11668,7395,2943,1135,"97414","saint-louis",57.77,36.61,5.62
"477",40831,25187,14080,4608,1564,"97415","saint-paul",61.69,34.48,3.83
"478",34318,17285,15607,5544,1427,"97416","saint-pierre",50.37,45.48,4.16
"479",13242,6927,5701,2453,613,"97418","sainte-marie",52.31,43.05,4.63
"480",8982,4913,3630,1667,439,"97420","sainte-suzanne",54.7,40.41,4.89
"481",33553,16943,14767,3295,1843,"97422","le-tampon",50.5,44.01,5.49
