"","Ensemble","0 à 14 ans","15 à 29 ans","30 à 44 ans","45 à 59 ans","60 à 74 ans","75 ans ou plus","code_insee","Ville","0-14 ans","15-29 ans","30-44 ans","45-59 ans","60-74 ans","75-+ ans"
"1",41525,6646,8428,7058,7424,6865,5104,"01053","bourg-en-bresse",16,20.3,17,17.88,16.53,12.29
"2",22277,4861,3645,4075,4423,3386,1886,"01283","oyonnax",21.82,16.36,18.29,19.85,15.2,8.47
"3",24021,4129,4912,4354,4317,4119,2191,"02408","laon",17.19,20.45,18.13,17.97,17.15,9.12
"4",52958,9296,10547,8877,9377,9061,5800,"02691","saint-quentin",17.55,19.92,16.76,17.71,17.11,10.95
"5",28705,5366,5054,4769,5059,4990,3468,"02722","soissons",18.69,17.61,16.61,17.62,17.38,12.08
"6",33342,4569,6688,4841,5828,6213,5202,"03185","montlucon",13.7,20.06,14.52,17.48,18.63,15.6
"7",25789,2796,4703,3340,3918,5698,5334,"03310","vichy",10.84,18.24,12.95,15.19,22.09,20.68
"8",22926,3974,3447,3979,4598,3768,3161,"04112","manosque",17.33,15.04,17.36,20.06,16.44,13.79
"9",40500,6083,6453,6635,8099,8000,5230,"05061","gap",15.02,15.93,16.38,20,19.75,12.91
"10",75130,10476,11007,14096,14239,13975,11337,"06004","antibes",13.94,14.65,18.76,18.95,18.6,15.09
"11",52580,7791,7861,9120,10286,9582,7939,"06027","cagnes-sur-mer",14.82,14.95,17.34,19.56,18.22,15.1
"12",73255,10115,10446,11697,14422,13934,12641,"06029","cannes",13.81,14.26,15.97,19.69,19.02,17.26
"13",41597,6001,6000,7313,8365,7625,6293,"06030","le-cannet",14.43,14.42,17.58,20.11,18.33,15.13
"14",48323,8503,7576,9315,10076,7937,4915,"06069","grasse",17.6,15.68,19.28,20.85,16.42,10.17
"15",21561,2897,2630,3527,4147,4677,3684,"06079","mandelieu-la-napoule",13.44,12.2,16.36,19.23,21.69,17.09
"16",30412,4711,4161,5315,6295,5647,4282,"06083","menton",15.49,13.68,17.48,20.7,18.57,14.08
"17",348085,53905,64087,63260,64241,59582,43010,"06088","nice",15.49,18.41,18.17,18.46,17.12,12.36
"18",30941,4753,4831,5906,6156,5364,3930,"06123","saint-laurent-du-var",15.36,15.61,19.09,19.9,17.34,12.7
"19",28025,4249,3630,5178,5254,5614,4100,"06155","vallauris",15.16,12.95,18.48,18.75,20.03,14.63
"20",46398,7730,8674,7879,8600,8372,5143,"08105","charleville-mezieres",16.66,18.69,16.98,18.54,18.04,11.08
"21",62782,11122,15867,11038,10175,8872,5708,"10387","troyes",17.72,25.27,17.58,16.21,14.13,9.09
"22",46218,6933,8024,7431,9071,9028,5730,"11069","carcassonne",15,17.36,16.08,19.63,19.53,12.4
"23",56395,8665,9609,9127,10836,11012,7145,"11262","narbonne",15.36,17.04,16.18,19.21,19.53,12.67
"24",21712,3277,3052,3380,4485,4515,3002,"12145","millau",15.09,14.06,15.57,20.66,20.79,13.83
"25",24207,2931,5887,3893,4394,4043,3059,"12202","rodez",12.11,24.32,16.08,18.15,16.7,12.64
"26",147478,19883,38858,26969,25624,21537,14606,"13001","aix-en-provence",13.48,26.35,18.29,17.37,14.6,9.9
"27",21490,3560,2864,3707,4598,4296,2465,"13002","allauch",16.57,13.33,17.25,21.4,19.99,11.47
"28",50415,8068,7604,8482,10527,10060,5674,"13004","arles",16,15.08,16.82,20.88,19.95,11.25
"29",47342,8071,8048,8361,9413,8026,5422,"13005","aubagne",17.05,17,17.66,19.88,16.95,11.45
"30",36987,5060,5075,6070,7836,7801,5145,"13028","la-ciotat",13.68,13.72,16.41,21.19,21.09,13.91
"31",21174,3646,3805,3946,4298,3604,1876,"13041","gardanne",17.22,17.97,18.64,20.3,17.02,8.86
"32",44577,8120,7691,8408,8933,7947,3478,"13047","istres",18.22,17.25,18.86,20.04,17.83,7.8
"33",33003,6085,5189,6635,6637,5351,3106,"13054","marignane",18.44,15.72,20.1,20.11,16.21,9.41
"34",873076,155006,169169,168596,162540,133519,84246,"13055","marseille",17.75,19.38,19.31,18.62,15.29,9.65
"35",48568,8468,7609,8656,9849,8545,5441,"13056","martigues",17.44,15.67,17.82,20.28,17.59,11.2
"36",26405,5437,4298,4978,4872,4415,2406,"13063","miramas",20.59,16.28,18.85,18.45,16.72,9.11
"37",22161,3857,3220,4222,4383,3939,2540,"13071","les-pennes-mirabeau",17.4,14.53,19.05,19.78,17.77,11.46
"38",44731,7637,8039,8675,8838,6704,4839,"13103","salon-de-provence",17.07,17.97,19.39,19.76,14.99,10.82
"39",35532,7435,5815,7155,6764,5581,2781,"13117","vitrolles",20.92,16.37,20.14,19.04,15.71,7.83
"40",108200,13400,35521,18367,15896,14476,10539,"14118","caen",12.38,32.83,16.98,14.69,13.38,9.74
"41",22227,3702,6097,3943,3349,3356,1780,"14327","herouville-saint-clair",16.66,27.43,17.74,15.07,15.1,8.01
"42",25815,3114,5002,4002,5002,5144,3550,"15014","aurillac",12.06,19.38,15.5,19.38,19.93,13.75
"43",41086,5912,9829,7261,7329,6406,4349,"16015","angouleme",14.39,23.92,17.67,17.84,15.59,10.59
"44",23092,3000,3585,3356,4995,4861,3295,"17299","rochefort",12.99,15.52,14.53,21.63,21.05,14.27
"45",78535,10265,18432,12281,14002,14070,9486,"17300","la-rochelle",13.07,23.47,15.64,17.83,17.92,12.08
"46",25518,3186,3872,3794,5136,5550,3980,"17415","saintes",12.49,15.17,14.87,20.13,21.75,15.6
"47",63702,9801,12851,10541,11798,11186,7525,"18033","bourges",15.39,20.17,16.55,18.52,17.56,11.81
"48",25348,3957,3836,3794,4670,5294,3797,"18279","vierzon",15.61,15.13,14.97,18.42,20.89,14.98
"49",46599,6420,8595,7258,8383,8862,7081,"19031","brive-la-gaillarde",13.78,18.44,15.58,17.99,19.02,15.2
"50",20032,2743,3576,3322,4043,3758,2590,"21054","beaune",13.69,17.85,16.58,20.18,18.76,12.93
"51",159346,21013,47874,28294,25240,22215,14709,"21231","dijon",13.19,30.04,17.76,15.84,13.94,9.23
"52",20344,2949,4056,3142,3969,3915,2312,"22113","lannion",14.5,19.94,15.44,19.51,19.24,11.36
"53",44224,7028,9181,7389,8016,7204,5406,"22278","saint-brieuc",15.89,20.76,16.71,18.13,16.29,12.22
"54",26323,3496,3724,3640,4772,6158,4532,"24037","bergerac",13.28,14.15,13.83,18.13,23.39,17.22
"55",29516,3418,6883,4756,5510,5134,3815,"24322","perigueux",11.58,23.32,16.11,18.67,17.39,12.93
"56",119198,17483,34408,19838,19534,17352,10583,"25056","besancon",14.67,28.87,16.64,16.39,14.56,8.88
"57",25573,5225,4916,4538,4142,4044,2709,"25388","montbeliard",20.43,19.22,17.75,16.2,15.81,10.59
"58",40399,7347,6982,7123,7711,6752,4484,"26198","montelimar",18.19,17.28,17.63,19.09,16.71,11.1
"59",32911,5574,5593,5704,6122,5740,4178,"26281","romans-sur-isere",16.94,16.99,17.33,18.6,17.44,12.69
"60",64483,10883,13729,11852,11140,9820,7058,"26362","valence",16.88,21.29,18.38,17.28,15.23,10.95
"61",47289,8970,9998,8785,8741,6714,4081,"27229","evreux",18.97,21.14,18.58,18.48,14.2,8.63
"62",24543,4833,4247,4726,4411,3894,2432,"27681","vernon",19.69,17.3,19.26,17.97,15.87,9.91
"63",38447,6156,7535,6886,7088,6287,4496,"28085","chartres",16.01,19.6,17.91,18.44,16.35,11.69
"64",30879,7200,5751,5764,5199,4432,2534,"28134","dreux",23.32,18.62,18.67,16.84,14.35,8.21
"65",139619,19689,39931,25247,23306,19050,12395,"29019","brest",14.1,28.6,18.08,16.69,13.64,8.88
"66",20607,2498,2569,2914,4506,5029,3092,"29039","concarneau",12.12,12.47,14.14,21.87,24.4,15
"67",63642,9168,12497,10994,12785,11420,6778,"29232","quimper",14.41,19.64,17.27,20.09,17.94,10.65
"68",73822,13050,10201,15357,13817,12660,8738,"2A004","ajaccio",17.68,13.82,20.8,18.72,17.15,11.84
"69",48768,7904,7878,10153,9301,8129,5404,"2B033","bastia",16.21,16.15,20.82,19.07,16.67,11.08
"70",43892,6731,7851,6597,8584,8245,5883,"30007","ales",15.34,17.89,15.03,19.56,18.78,13.4
"71",148104,25372,31157,25034,25791,24823,15927,"30189","nimes",17.13,21.04,16.9,17.41,16.76,10.75
"72",26466,4564,5639,5828,4821,3457,2156,"31069","blagnac",17.24,21.31,22.02,18.22,13.06,8.15
"73",40159,7943,7283,8397,7768,5626,3142,"31149","colomiers",19.78,18.14,20.91,19.34,14.01,7.82
"74",20341,4208,3817,4392,3618,2675,1631,"31157","cugnaux",20.69,18.77,21.59,17.79,13.15,8.02
"75",25060,4225,4318,4437,5400,4250,2430,"31395","muret",16.86,17.23,17.71,21.55,16.96,9.7
"76",504078,71935,162709,107338,75386,53790,32920,"31555","toulouse",14.27,32.28,21.29,14.96,10.67,6.53
"77",29439,5625,4828,5868,6035,4774,2309,"31557","tournefeuille",19.11,16.4,19.93,20.5,16.22,7.84
"78",23041,3151,4350,3366,4485,4404,3286,"32013","auch",13.68,18.88,14.61,19.47,19.11,14.26
"79",30813,5360,6411,7029,5550,3936,2526,"33039","begles",17.4,20.81,22.81,18.01,12.77,8.2
"80",261804,35651,78193,56084,42002,30387,19488,"33063","bordeaux",13.62,29.87,21.42,16.04,11.61,7.44
"81",24339,3998,3925,4616,4718,4083,3000,"33069","le-bouscat",16.43,16.13,18.97,19.38,16.78,12.33
"82",20215,3668,3831,4885,4024,2585,1222,"33075","bruges",18.14,18.95,24.17,19.91,12.79,6.05
"83",26778,4561,6244,5560,4489,3561,2362,"33119","cenon",17.03,23.32,20.76,16.76,13.3,8.82
"84",24374,4506,4527,5192,4636,3346,2167,"33162","eysines",18.49,18.57,21.3,19.02,13.73,8.89
"85",25835,3895,5773,4597,4529,4028,3012,"33192","gradignan",15.08,22.35,17.79,17.53,15.59,11.66
"86",22399,3065,2799,3425,5049,5262,2799,"33199","gujan-mestras",13.68,12.5,15.29,22.54,23.49,12.5
"87",24557,4176,4110,4333,4828,4108,3002,"33243","libourne",17.01,16.74,17.64,19.66,16.73,12.22
"88",23291,4623,4709,4934,4153,3012,1861,"33249","lormont",19.85,20.22,21.18,17.83,12.93,7.99
"89",75729,12023,15765,16215,14377,10771,6578,"33281","merignac",15.88,20.82,21.41,18.98,14.22,8.69
"90",66760,10863,17465,11812,11874,8885,5860,"33318","pessac",16.27,26.16,17.69,17.79,13.31,8.78
"91",32538,6018,4869,6237,7096,5375,2944,"33449","saint-medard-en-jalles",18.5,14.96,19.17,21.81,16.52,9.05
"92",45225,5883,16733,7631,6800,5061,3116,"33522","talence",13.01,37,16.87,15.04,11.19,6.89
"93",26556,3119,3850,3796,5427,6317,4047,"33529","la-teste-de-buch",11.74,14.5,14.29,20.44,23.79,15.24
"94",40500,6649,8956,8584,7514,5496,3300,"33550","villenave-d-ornon",16.42,22.11,21.2,18.55,13.57,8.15
"95",29103,3551,3609,3847,5548,8121,4427,"34003","agde",12.2,12.4,13.22,19.06,27.9,15.21
"96",80341,14701,14156,13446,14526,13915,9597,"34032","beziers",18.3,17.62,16.74,18.08,17.32,11.95
"97",24888,3661,5459,4992,4314,3899,2562,"34057","castelnau-le-lez",14.71,21.93,20.06,17.33,15.67,10.29
"98",23808,3911,3416,4155,5056,4432,2838,"34108","frontignan",16.43,14.35,17.45,21.24,18.62,11.92
"99",26185,4564,4153,4663,5331,4560,2912,"34145","lunel",17.43,15.86,17.81,20.36,17.41,11.12
"100",302454,46689,94361,59631,44247,35783,21743,"34172","montpellier",15.44,31.2,19.72,14.63,11.83,7.19
"101",44712,5928,6137,6261,8433,10909,7045,"34301","sete",13.26,13.73,14,18.86,24.4,15.76
"102",20653,2953,3895,3254,3838,3612,3100,"35115","fougeres",14.3,18.86,15.76,18.58,17.49,15.01
"103",225081,31777,76318,41680,32909,25101,17296,"35238","rennes",14.12,33.91,18.52,14.62,11.15,7.68
"104",47323,5588,6950,6505,8986,11457,7837,"35288","saint-malo",11.81,14.69,13.75,18.99,24.21,16.56
"105",42968,7049,7575,6845,8061,8181,5258,"36044","chateauroux",16.41,17.63,15.93,18.76,19.04,12.24
"106",38183,6670,7377,6520,6857,6550,4210,"37122","joue-les-tours",17.47,19.32,17.08,17.96,17.15,11.03
"107",137658,19258,40963,24601,20716,18343,13777,"37261","tours",13.99,29.76,17.87,15.05,13.33,10.01
"108",29577,5902,6129,5629,5257,3946,2713,"38053","bourgoin-jallieu",19.95,20.72,19.03,17.77,13.34,9.17
"109",36849,7665,7011,6443,6619,5287,3824,"38151","echirolles",20.8,19.03,17.48,17.96,14.35,10.38
"110",22891,4001,4350,4216,4518,3409,2396,"38169","fontaine",17.48,19,18.42,19.74,14.89,10.47
"111",157477,23660,48522,31264,23022,18071,12938,"38185","grenoble",15.02,30.81,19.85,14.62,11.48,8.22
"112",38454,6131,13273,6635,5893,3974,2548,"38421","saint-martin-d-heres",15.94,34.52,17.25,15.32,10.33,6.63
"113",31051,5769,5914,5923,5688,4623,3135,"38544","vienne",18.58,19.05,19.08,18.32,14.89,10.1
"114",20891,3520,3353,3533,4373,3553,2559,"38563","voiron",16.85,16.05,16.91,20.93,17.01,12.25
"115",23775,3659,3853,3628,4616,4767,3251,"39198","dole",15.39,16.21,15.26,19.42,20.05,13.67
"116",21347,2469,3702,3245,4015,4420,3496,"40088","dax",11.57,17.34,15.2,18.81,20.71,16.38
"117",30674,4388,6160,5246,6048,5655,3178,"40192","mont-de-marsan",14.31,20.08,17.1,19.72,18.44,10.36
"118",46813,8821,9724,8060,8060,7263,4885,"41018","blois",18.84,20.77,17.22,17.22,15.51,10.44
"119",34762,4855,6955,5272,6226,6367,5088,"42187","roanne",13.97,20.01,15.17,17.91,18.32,14.64
"120",35068,6385,6120,5790,6761,5785,4227,"42207","saint-chamond",18.21,17.45,16.51,19.28,16.5,12.05
"121",172718,29963,40579,29845,28065,25417,18850,"42218","saint-etienne",17.35,23.49,17.28,16.25,14.72,10.91
"122",20410,3982,3377,4106,4260,3147,1539,"44020","bouguenais",19.51,16.55,20.12,20.87,15.42,7.54
"123",20510,3620,4343,3577,4089,3292,1589,"44026","carquefou",17.65,21.18,17.44,19.94,16.05,7.75
"124",20331,4015,3238,3881,4200,3378,1618,"44035","la-chapelle-sur-erdre",19.75,15.93,19.09,20.66,16.62,7.96
"125",23057,4611,3835,4853,4848,3313,1597,"44047","coueron",20,16.63,21.05,21.03,14.37,6.93
"126",323204,51740,91339,69175,50446,37329,23174,"44109","nantes",16.01,28.26,21.4,15.61,11.55,7.17
"127",27872,5369,4974,4961,5244,4451,2872,"44114","orvault",19.26,17.85,17.8,18.81,15.97,10.3
"128",42998,7928,8052,9050,7940,6017,4011,"44143","reze",18.44,18.73,21.05,18.47,13.99,9.33
"129",49537,9073,10118,10056,8627,7232,4432,"44162","saint-herblain",18.32,20.43,20.3,17.42,14.6,8.95
"130",72057,11761,12415,12212,13885,13490,8293,"44184","saint-nazaire",16.32,17.23,16.95,19.27,18.72,11.51
"131",28283,4706,5161,5629,5266,4577,2944,"44190","saint-sebastien-sur-loire",16.64,18.25,19.9,18.62,16.18,10.41
"132",26002,4718,3998,4949,5223,4674,2440,"44215","vertou",18.14,15.38,19.03,20.09,17.98,9.38
"133",21438,4587,3856,4060,3825,3265,1845,"45147","fleury-les-aubrais",21.4,17.99,18.94,17.84,15.23,8.61
"134",22855,3675,5228,3887,3760,3971,2333,"45232","olivet",16.08,22.87,17.01,16.45,17.37,10.21
"135",116617,20659,29841,22260,19406,15226,9226,"45234","orleans",17.72,25.59,19.09,16.64,13.06,7.91
"136",21700,4550,4112,4064,4203,3241,1530,"45284","saint-jean-de-braye",20.97,18.95,18.73,19.37,14.94,7.05
"137",20141,2692,3306,2999,3880,4273,2991,"46042","cahors",13.37,16.41,14.89,19.26,21.22,14.85
"138",32485,5156,7791,5789,5536,4603,3610,"47001","agen",15.87,23.98,17.82,17.04,14.17,11.11
"139",21629,2983,3193,3153,4159,4674,3468,"47323","villeneuve-sur-lot",13.79,14.76,14.58,19.23,21.61,16.03
"140",157175,23929,48212,26132,23592,20572,14739,"49007","angers",15.22,30.67,16.63,15.01,13.09,9.38
"141",23639,4875,3715,4461,4515,3696,2377,"49023","beaupreau-en-mauges",20.62,15.72,18.87,19.1,15.64,10.06
"142",21386,4398,3269,4222,4225,3292,1981,"49092","chemille-en-anjou",20.56,15.29,19.74,19.76,15.39,9.26
"143",53936,9151,9785,9021,10525,9329,6125,"49099","cholet",16.97,18.14,16.73,19.51,17.3,11.36
"144",25806,5456,4008,5346,5179,3750,2067,"49301","sevremoine",21.14,15.53,20.72,20.07,14.53,8.01
"145",26215,4048,4375,4028,4969,5199,3596,"49328","saumur",15.44,16.69,15.37,18.95,19.83,13.72
"146",77808,12098,14476,13674,15891,13818,7852,"50129","cherbourg-en-cotentin",15.55,18.6,17.57,20.42,17.76,10.09
"147",43877,7474,9033,7765,8281,6947,4377,"51108","chalons-en-champagne",17.03,20.59,17.7,18.87,15.83,9.98
"148",22001,3438,4029,3923,4162,3807,2642,"51230","epernay",15.63,18.31,17.83,18.92,17.3,12.01
"149",179380,29918,49042,32512,29629,24283,13996,"51454","reims",16.68,27.34,18.12,16.52,13.54,7.8
"150",21699,2964,4618,3356,4041,4220,2501,"52121","chaumont",13.66,21.28,15.47,18.62,19.45,11.53
"151",23068,3583,4326,3714,4557,4382,2506,"52448","saint-dizier",15.53,18.75,16.1,19.75,19,10.86
"152",49657,8089,10882,8198,8786,8230,5472,"53130","laval",16.29,21.91,16.51,17.69,16.57,11.02
"153",104260,12837,37922,18587,15029,12543,7343,"54395","nancy",12.31,36.37,17.83,14.41,12.03,7.04
"154",29537,4218,9751,4383,4370,4346,2470,"54547","vandoeuvre-les-nancy",14.28,33.01,14.84,14.8,14.71,8.36
"155",23026,4081,3716,4211,4469,3980,2569,"56098","lanester",17.72,16.14,18.29,19.41,17.28,11.16
"156",57846,8316,12562,9882,10668,9683,6734,"56121","lorient",14.38,21.72,17.08,18.44,16.74,11.64
"157",54420,7006,11798,8226,9379,10537,7475,"56260","vannes",12.87,21.68,15.12,17.23,19.36,13.74
"158",21130,3788,3529,3668,4173,3882,2090,"57227","forbach",17.93,16.7,17.36,19.75,18.37,9.89
"159",120874,18195,31192,23723,20405,17972,9386,"57463","metz",15.05,25.81,19.63,16.88,14.87,7.77
"160",21854,3466,3741,4095,4201,3998,2353,"57480","montigny-les-metz",15.86,17.12,18.74,19.22,18.29,10.77
"161",20624,2865,3430,3579,4469,4041,2241,"57631","sarreguemines",13.89,16.63,17.35,21.67,19.59,10.87
"162",42163,6368,7943,8572,8319,6818,4143,"57672","thionville",15.1,18.84,20.33,19.73,16.17,9.83
"163",32830,4705,6383,5128,5832,6250,4532,"58194","nevers",14.33,19.44,15.62,17.76,19.04,13.8
"164",62067,11181,16628,11135,10770,8934,3418,"59009","villeneuve-d-ascq",18.01,26.79,17.94,17.35,14.39,5.51
"165",25581,5287,5319,5011,4441,3549,1975,"59017","armentieres",20.67,20.79,19.59,17.36,13.87,7.72
"166",31425,4813,5899,5214,5898,5741,3860,"59122","cambrai",15.32,18.77,16.59,18.77,18.27,12.28
"167",20765,3767,3527,3727,4276,3585,1882,"59155","coudekerque-branche",18.14,16.99,17.95,20.59,17.26,9.06
"168",20778,3895,4075,4266,3825,3053,1665,"59163","croix",18.75,19.61,20.53,18.41,14.69,8.01
"169",20640,5047,4383,3547,3715,2691,1258,"59172","denain",24.45,21.24,17.19,18,13.04,6.09
"170",39648,6954,9441,6982,6770,6206,3293,"59178","douai",17.54,23.81,17.61,17.08,15.65,8.31
"171",86788,14504,15647,15179,16854,16193,8411,"59183","dunkerque",16.71,18.03,17.49,19.42,18.66,9.69
"172",20331,4898,3843,3773,3553,2878,1387,"59271","grande-synthe",24.09,18.9,18.56,17.48,14.16,6.82
"173",20829,4404,3867,3996,4240,2987,1334,"59279","halluin",21.14,18.57,19.18,20.36,14.34,6.4
"174",21498,3686,3859,3505,4236,3952,2260,"59295","hazebrouck",17.15,17.95,16.3,19.7,18.38,10.51
"175",27121,5085,4849,5588,4965,4083,2551,"59328","lambersart",18.75,17.88,20.6,18.31,15.05,9.41
"176",236710,35195,86684,48286,32374,22636,11533,"59350","lille",14.87,36.62,20.4,13.68,9.56,4.87
"177",23013,4484,6136,4629,3840,2616,1309,"59360","loos",19.48,26.66,20.11,16.69,11.37,5.69
"178",22488,3683,4742,5371,3850,3084,1758,"59368","la-madeleine",16.38,21.09,23.88,17.12,13.71,7.82
"179",39356,7280,6673,7674,7604,6267,3858,"59378","marcq-en-baroeul",18.5,16.96,19.5,19.32,15.92,9.8
"180",29066,5782,5380,5012,5384,4836,2672,"59392","maubeuge",19.89,18.51,17.24,18.52,16.64,9.19
"181",21467,4527,4602,4307,3685,2734,1611,"59410","mons-en-baroeul",21.09,21.44,20.06,17.17,12.74,7.5
"182",98892,25377,22586,18166,16773,10574,5415,"59512","roubaix",25.66,22.84,18.37,16.96,10.69,5.48
"183",99011,22251,21027,20333,17432,11723,6245,"59599","tourcoing",22.47,21.24,20.54,17.61,11.84,6.31
"184",42991,6662,11267,8253,7244,6096,3471,"59606","valenciennes",15.5,26.21,19.2,16.85,14.18,8.07
"185",20836,3886,3765,4417,3649,3086,2033,"59646","wasquehal",18.65,18.07,21.2,17.51,14.81,9.76
"186",40836,8382,7477,7767,8135,6067,3008,"59650","wattrelos",20.53,18.31,19.02,19.92,14.86,7.37
"187",56677,10792,12156,10520,10374,8232,4602,"60057","beauvais",19.04,21.45,18.56,18.3,14.52,8.12
"188",40394,7041,9543,7031,7071,5972,3736,"60159","compiegne",17.43,23.62,17.41,17.51,14.78,9.25
"189",36106,9722,7422,7887,5598,3776,1700,"60175","creil",26.93,20.56,21.84,15.5,10.46,4.71
"190",21382,5371,4055,4248,3578,2857,1274,"60463","nogent-sur-oise",25.12,18.96,19.87,16.73,13.36,5.96
"191",25555,3926,5506,3842,4579,4470,3232,"61001","alencon",15.36,21.55,15.03,17.92,17.49,12.65
"192",42600,7538,10314,8310,7159,5861,3417,"62041","arras",17.69,24.21,19.51,16.81,13.76,8.02
"193",24992,4061,5743,4514,4645,3870,2158,"62119","bethune",16.25,22.98,18.06,18.59,15.48,8.63
"194",40910,7036,8959,7162,7446,6739,3568,"62160","boulogne-sur-mer",17.2,21.9,17.51,18.2,16.47,8.72
"195",21827,4151,4280,3887,4044,3509,1956,"62178","bruay-la-buissiere",19.02,19.61,17.81,18.53,16.08,8.96
"196",67380,11876,14031,11877,12891,11011,5694,"62193","calais",17.63,20.82,17.63,19.13,16.34,8.45
"197",26035,5082,5091,4916,4993,4084,1870,"62427","henin-beaumont",19.52,19.55,18.88,19.18,15.69,7.18
"198",32618,5964,6725,5379,6145,5382,3024,"62498","lens",18.28,20.62,16.49,18.84,16.5,9.27
"199",30149,6001,5678,5525,5569,5136,2239,"62510","lievin",19.9,18.83,18.33,18.47,17.04,7.43
"200",147327,21814,45858,26346,22594,18785,11929,"63113","clermont-ferrand",14.81,31.13,17.88,15.34,12.75,8.1
"201",20193,3367,2949,3550,3824,4195,2307,"63124","cournon-d-auvergne",16.67,14.6,17.58,18.94,20.77,11.42
"202",41153,5004,6175,6884,8002,8836,6253,"64024","anglet",12.16,15,16.73,19.44,21.47,15.19
"203",52749,6932,10842,10817,10173,8323,5662,"64102","bayonne",13.14,20.55,20.51,19.29,15.78,10.73
"204",25764,2537,3304,3898,4724,6032,5269,"64122","biarritz",9.85,12.82,15.13,18.34,23.41,20.45
"205",77066,10107,18510,13384,13085,12239,9741,"64445","pau",13.11,24.02,17.37,16.98,15.88,12.64
"206",43955,5725,11154,6953,7462,7086,5576,"65440","tarbes",13.02,25.38,15.82,16.98,16.12,12.69
"207",119656,21576,23090,20637,21127,19452,13774,"66136","perpignan",18.03,19.3,17.25,17.66,16.26,11.51
"208",35715,5310,7309,6256,7632,6114,3093,"67180","haguenau",14.87,20.46,17.52,21.37,17.12,8.66
"209",27118,4070,5605,5246,5130,4500,2566,"67218","illkirch-graffenstaden",15.01,20.67,19.35,18.92,16.59,9.46
"210",20266,3634,3648,3947,3802,3201,2034,"67267","lingolsheim",17.93,18,19.48,18.76,15.79,10.04
"211",34129,6469,7206,7355,6134,4315,2650,"67447","schiltigheim",18.95,21.11,21.55,17.97,12.64,7.76
"212",291313,49319,82675,57483,46429,35242,20164,"67482","strasbourg",16.93,28.38,19.73,15.94,12.1,6.92
"213",67730,10875,13355,12390,13120,10925,7065,"68066","colmar",16.06,19.72,18.29,19.37,16.13,10.43
"214",106341,21470,22004,20401,19577,14675,8214,"68224","mulhouse",20.19,20.69,19.18,18.41,13.8,7.72
"215",22698,4168,4082,4968,4547,3286,1647,"68297","saint-louis",18.36,17.98,21.89,20.03,14.48,7.26
"216",43049,8384,9390,8299,7373,5758,3845,"69029","bron",19.48,21.81,19.28,17.13,13.38,8.93
"217",43572,7461,7364,8253,8177,6957,5360,"69034","caluire-et-cuire",17.12,16.9,18.94,18.77,15.97,12.3
"218",20654,4623,3710,3799,3755,2854,1913,"69091","givors",22.38,17.96,18.39,18.18,13.82,9.26
"219",522250,78760,151905,111869,80992,58387,40338,"69123","lyon",15.08,29.09,21.42,15.51,11.18,7.72
"220",37628,7109,8021,7979,6398,4939,3182,"69149","oullins-pierre-benite",18.89,21.32,21.2,17,13.13,8.46
"221",21858,3760,3250,3430,4367,3962,3090,"69202","sainte-foy-les-lyon",17.2,14.87,15.69,19.98,18.13,14.14
"222",20929,3588,3633,3527,4289,3578,2313,"69204","saint-genis-laval",17.14,17.36,16.85,20.49,17.1,11.05
"223",22676,4250,4238,4535,4166,3295,2193,"69244","tassin-la-demi-lune",18.74,18.69,20,18.37,14.53,9.67
"224",52139,13784,11176,10668,8347,5405,2759,"69256","vaulx-en-velin",26.44,21.44,20.46,16.01,10.37,5.29
"225",66363,15579,13466,13507,11237,7644,4929,"69259","venissieux",23.48,20.29,20.35,16.93,11.52,7.43
"226",35913,6801,6853,7066,6393,5042,3759,"69264","villefranche-sur-saone",18.94,19.08,19.68,17.8,14.04,10.47
"227",156928,26243,46131,33504,23376,16736,10937,"69266","villeurbanne",16.72,29.4,21.35,14.9,10.66,6.97
"228",29731,5840,5683,5882,5227,4372,2727,"69275","decines-charpieu",19.64,19.11,19.78,17.58,14.71,9.17
"229",35882,7609,6518,7084,6655,4745,3271,"69282","meyzieu",21.21,18.17,19.74,18.55,13.22,9.12
"230",31247,7389,5583,5711,5847,4201,2516,"69286","rillieux-la-pape",23.65,17.87,18.28,18.71,13.44,8.05
"231",48822,10719,9223,10098,8945,5953,3884,"69290","saint-priest",21.96,18.89,20.68,18.32,12.19,7.96
"232",45031,7179,8786,7763,7928,7953,5423,"71076","chalon-sur-saone",15.94,19.51,17.24,17.61,17.66,12.04
"233",20731,2695,3575,3064,3695,4408,3294,"71153","le-creusot",13,17.24,14.78,17.82,21.26,15.89
"234",34448,6341,6423,6003,6208,5483,3990,"71270","macon",18.41,18.65,17.43,18.02,15.92,11.58
"235",145004,24539,30922,24546,25084,23538,16376,"72181","le-mans",16.92,21.32,16.93,17.3,16.23,11.29
"236",31874,4417,5198,5398,6270,6129,4462,"73008","aix-les-bains",13.86,16.31,16.94,19.67,19.23,14
"237",59856,10206,13678,11191,10242,8538,6001,"73065","chambery",17.05,22.85,18.7,17.11,14.26,10.03
"238",131715,21206,25546,27279,23873,19733,14077,"74010","annecy",16.1,19.39,20.71,18.12,14.98,10.69
"239",37918,8027,7863,9975,5783,4013,2257,"74012","annemasse",21.17,20.74,26.31,15.25,10.58,5.95
"240",37027,6576,6297,7401,6916,5779,4058,"74281","thonon-les-bains",17.76,17.01,19.99,18.68,15.61,10.96
"241",2133111,282080,514728,461580,393943,306116,174665,"75056","paris",13.22,24.13,21.64,18.47,14.35,8.19
"242",28358,4014,4319,4004,5504,6274,4244,"76217","dieppe",14.15,15.23,14.12,19.41,22.12,14.97
"243",25975,4205,4366,4531,4730,4851,3291,"76322","le-grand-quevilly",16.19,16.81,17.44,18.21,18.68,12.67
"244",166058,29688,33024,29796,29442,27452,16655,"76351","le-havre",17.88,19.89,17.94,17.73,16.53,10.03
"245",20066,2763,5804,2831,3032,3365,2270,"76451","mont-saint-aignan",13.77,28.92,14.11,15.11,16.77,11.31
"246",21782,4191,4463,4526,3852,3167,1583,"76498","le-petit-quevilly",19.24,20.49,20.78,17.68,14.54,7.27
"247",114083,15515,38684,21420,16956,13208,8299,"76540","rouen",13.6,33.91,18.78,14.86,11.58,7.27
"248",28508,6054,5772,5304,4886,4124,2368,"76575","saint-etienne-du-rouvray",21.24,20.25,18.61,17.14,14.47,8.31
"249",28965,5436,4765,5440,5512,4597,3214,"76681","sotteville-les-rouen",18.77,16.45,18.78,19.03,15.87,11.1
"250",26571,5449,6080,6295,5276,2756,715,"77058","bussy-saint-georges",20.51,22.88,23.69,19.86,10.37,2.69
"251",25695,5486,6072,5391,4397,3324,1025,"77083","champs-sur-marne",21.35,23.63,20.98,17.11,12.94,3.99
"252",54309,11602,9752,11554,10125,7459,3818,"77108","chelles",21.36,17.96,21.27,18.64,13.73,7.03
"253",22240,4439,3938,4621,4195,3331,1717,"77122","combs-la-ville",19.96,17.71,20.78,18.86,14.98,7.72
"254",22845,5149,4246,4771,4149,3027,1503,"77152","dammarie-les-lys",22.54,18.59,20.88,18.16,13.25,6.58
"255",21191,3766,3931,4382,4235,3209,1667,"77243","lagny-sur-marne",17.77,18.55,20.68,19.98,15.14,7.87
"256",55616,12077,11782,11348,9860,6819,3730,"77284","meaux",21.71,21.18,20.4,17.73,12.26,6.71
"257",20207,4847,3792,3856,3619,2746,1347,"77285","le-mee-sur-seine",23.99,18.77,19.08,17.91,13.59,6.67
"258",42367,9895,9754,9592,6889,3960,2278,"77288","melun",23.36,23.02,22.64,16.26,9.35,5.38
"259",20627,4738,3964,4179,4125,2524,1097,"77294","mitry-mory",22.97,19.22,20.26,20,12.24,5.32
"260",22259,5711,4503,4486,3527,2287,1745,"77305","montereau-fault-yonne",25.66,20.23,20.15,15.85,10.27,7.84
"261",20692,3876,3742,3832,4579,3273,1390,"77350","ozoir-la-ferriere",18.73,18.08,18.52,22.13,15.82,6.72
"262",38258,7705,7910,7697,7597,5114,2234,"77373","pontault-combault",20.14,20.68,20.12,19.86,13.37,5.84
"263",23061,5099,4453,4666,4658,2872,1313,"77390","roissy-en-brie",22.11,19.31,20.23,20.2,12.45,5.69
"264",30510,7523,6658,6137,5875,3320,997,"77445","savigny-le-temple",24.66,21.82,20.11,19.26,10.88,3.27
"265",22444,4919,4538,4914,4116,2895,1062,"77468","torcy",21.92,20.22,21.89,18.34,12.9,4.73
"266",26822,5970,5440,5944,5041,3063,1364,"77514","villeparisis",22.26,20.28,22.16,18.79,11.42,5.09
"267",21368,4605,4137,4815,4269,2427,1114,"78005","acheres",21.55,19.36,22.53,19.98,11.36,5.21
"268",20476,4139,3332,3634,4485,3043,1843,"78126","la-celle-saint-cloud",20.21,16.27,17.75,21.9,14.86,9
"269",29649,5699,4864,6037,6345,4153,2552,"78146","chatou",19.22,16.41,20.36,21.4,14.01,8.61
"270",30924,5013,4982,5113,6180,5450,4185,"78158","le-chesnay-rocquencourt",16.21,16.11,16.53,19.98,17.62,13.53
"271",35926,7285,6166,7767,7025,4715,2967,"78172","conflans-sainte-honorine",20.28,17.16,21.62,19.55,13.12,8.26
"272",26082,5565,5255,5563,4994,3219,1486,"78208","elancourt",21.34,20.15,21.33,19.15,12.34,5.7
"273",29406,6722,5822,6578,5932,3379,972,"78297","guyancourt",22.86,19.8,22.37,20.17,11.49,3.31
"274",33449,6648,5794,7716,6738,4216,2336,"78311","houilles",19.88,17.32,23.07,20.14,12.6,6.98
"275",23080,4370,3866,4640,4763,3045,2395,"78358","maisons-laffitte",18.93,16.75,20.1,20.64,13.19,10.38
"276",44539,10146,9400,9057,7119,5544,3273,"78361","mantes-la-jolie",22.78,21.11,20.33,15.98,12.45,7.35
"277",21376,5269,3670,4522,3749,2619,1547,"78362","mantes-la-ville",24.65,17.17,21.15,17.54,12.25,7.24
"278",31777,5932,5989,6512,6609,5214,1520,"78423","montigny-le-bretonneux",18.67,18.85,20.49,20.8,16.41,4.78
"279",33977,8909,6341,7047,5516,4222,1942,"78440","les-mureaux",26.22,18.66,20.74,16.23,12.43,5.72
"280",31375,6578,5639,6436,6262,4090,2371,"78490","plaisir",20.97,17.97,20.51,19.96,13.04,7.56
"281",40016,8529,7061,8737,6949,5327,3414,"78498","poissy",21.31,17.65,21.83,17.37,13.31,8.53
"282",26816,4523,4639,4954,5285,4488,2926,"78517","rambouillet",16.87,17.3,18.47,19.71,16.74,10.91
"283",20971,4641,4210,5090,3657,2245,1128,"78545","saint-cyr-l-ecole",22.13,20.08,24.27,17.44,10.71,5.38
"284",44380,8730,7406,8763,9209,6143,4128,"78551","saint-germain-en-laye",19.67,16.69,19.75,20.75,13.84,9.3
"285",51220,9819,9196,11148,10108,6935,4014,"78586","sartrouville",19.17,17.95,21.76,19.73,13.54,7.84
"286",33717,8636,7170,7321,5745,3578,1267,"78621","trappes",25.61,21.27,21.71,17.04,10.61,3.76
"287",22713,3857,4937,4830,4211,2903,1974,"78640","velizy-villacoublay",16.98,21.74,21.27,18.54,12.78,8.69
"288",83587,15139,17015,15986,15984,10600,8863,"78646","versailles",18.11,20.36,19.12,19.12,12.68,10.6
"289",59309,9014,10971,10650,11702,9944,7028,"79191","niort",15.2,18.5,17.96,19.73,16.77,11.85
"290",22595,3501,3929,3525,4406,4497,2738,"80001","abbeville",15.49,17.39,15.6,19.5,19.9,12.12
"291",133625,22067,38849,24275,21397,17167,9870,"80021","amiens",16.51,29.07,18.17,16.01,12.85,7.39
"292",49714,6408,11046,7203,8578,9074,7405,"81004","albi",12.89,22.22,14.49,17.25,18.25,14.9
"293",42672,6739,7675,6261,8248,8032,5716,"81065","castres",15.79,17.99,14.67,19.33,18.82,13.4
"294",61919,10428,11069,10640,12155,11153,6474,"82121","montauban",16.84,17.88,17.18,19.63,18.01,10.46
"295",39745,7073,6378,7413,7520,7119,4242,"83050","draguignan",17.8,16.05,18.65,18.92,17.91,10.67
"296",57082,8461,8084,9068,11033,11844,8592,"83061","frejus",14.82,14.16,15.89,19.33,20.75,15.05
"297",25912,3905,4892,4301,4865,4597,3352,"83062","la-garde",15.07,18.88,16.6,18.78,17.74,12.94
"298",55103,7186,8047,8555,10780,11581,8954,"83069","hyeres",13.04,14.6,15.53,19.56,21.02,16.25
"299",35950,3916,3450,4451,6477,9433,8224,"83118","saint-raphael",10.89,9.6,12.38,18.02,26.24,22.88
"300",62763,9933,9628,10838,11773,12489,8102,"83126","la-seyne-sur-mer",15.83,15.34,17.27,18.76,19.9,12.91
"301",36203,4720,4060,5348,7205,8609,6261,"83129","six-fours-les-plages",13.04,11.21,14.77,19.9,23.78,17.29
"302",180452,28961,31112,33708,33780,31041,21850,"83137","toulon",16.05,17.24,18.68,18.72,17.2,12.11
"303",23955,3637,3851,4248,4558,4356,3304,"83144","la-valette-du-var",15.18,16.08,17.73,19.03,18.18,13.79
"304",90330,17474,18283,16741,15614,13563,8656,"84007","avignon",19.34,20.24,18.53,17.29,15.01,9.58
"305",30769,5920,4736,5160,5707,5775,3471,"84031","carpentras",19.24,15.39,16.77,18.55,18.77,11.28
"306",25923,4857,3851,4753,5081,4496,2886,"84035","cavaillon",18.74,14.86,18.34,19.6,17.34,11.13
"307",28949,5152,4740,4932,5693,5005,3426,"84087","orange",17.8,16.37,17.04,19.67,17.29,11.83
"308",20012,3355,3376,3731,4018,3363,2168,"84089","pertuis",16.76,16.87,18.64,20.08,16.8,10.83
"309",22494,3141,3041,3163,4431,5449,3269,"85047","challans",13.96,13.52,14.06,19.7,24.22,14.53
"310",20605,4020,3477,4136,4379,3025,1567,"85146","montaigu-vendee",19.51,16.87,20.07,21.25,14.68,7.6
"311",54952,8251,12328,8617,10293,9601,5862,"85191","la-roche-sur-yon",15.01,22.43,15.68,18.73,17.47,10.67
"312",48402,5103,5201,5864,8942,13868,9425,"85194","les-sables-d-olonne",10.54,10.75,12.12,18.47,28.65,19.47
"313",31284,5109,4986,4427,6199,6071,4491,"86066","chatellerault",16.33,15.94,14.15,19.82,19.41,14.36
"314",90240,12673,32422,14782,12431,10712,7221,"86194","poitiers",14.04,35.93,16.38,13.78,11.87,8
"315",129760,18250,32819,20866,21655,21790,14380,"87085","limoges",14.06,25.29,16.08,16.69,16.79,11.08
"316",32285,5140,7017,5450,5907,5285,3486,"88160","epinal",15.92,21.73,16.88,18.3,16.37,10.8
"317",34778,5502,6444,6061,6574,6166,4032,"89024","auxerre",15.82,18.53,17.43,18.9,17.73,11.59
"318",27034,5214,4710,4731,4741,4586,3052,"89387","sens",19.29,17.42,17.5,17.54,16.96,11.29
"319",45155,7582,10905,8036,7995,6633,4004,"90010","belfort",16.79,24.15,17.8,17.71,14.69,8.87
"320",36222,8352,6640,8325,6327,4365,2213,"91027","athis-mons",23.06,18.33,22.98,17.47,12.05,6.11
"321",27106,6168,5475,6079,4755,2959,1670,"91103","bretigny-sur-orge",22.76,20.2,22.43,17.54,10.92,6.16
"322",25423,4882,4175,4719,5181,4080,2387,"91114","brunoy",19.2,16.42,18.56,20.38,16.05,9.39
"323",52683,12041,11731,11642,9235,5468,2566,"91174","corbeil-essonnes",22.86,22.27,22.1,17.53,10.38,4.87
"324",29173,5838,4919,5002,6034,4412,2968,"91201","draveil",20.01,16.86,17.15,20.68,15.12,10.17
"325",26529,5988,5468,5325,5042,3131,1575,"91223","etampes",22.57,20.61,20.07,19.01,11.8,5.94
"326",66177,14844,15619,13500,11347,7865,3003,"91228","evry-courcouronnes",22.43,23.6,20.4,17.15,11.88,4.54
"327",22352,3722,5143,3558,4617,3257,2054,"91272","gif-sur-yvette",16.65,23.01,15.92,20.66,14.57,9.19
"328",27257,7405,5999,5348,4871,2633,1001,"91286","grigny",27.17,22.01,19.62,17.87,9.66,3.67
"329",20620,4080,3969,3968,4138,2823,1642,"91345","longjumeau",19.79,19.25,19.24,20.07,13.69,7.96
"330",50962,10236,10942,12520,8664,5528,3071,"91377","massy",20.09,21.47,24.57,17,10.85,6.03
"331",23800,4633,4279,4349,4969,3317,2252,"91421","montgeron",19.47,17.98,18.27,20.88,13.94,9.46
"332",20785,4782,3486,4209,4191,2510,1608,"91434","morsang-sur-orge",23.01,16.77,20.25,20.16,12.08,7.74
"333",34893,6254,8725,6889,6079,4418,2528,"91477","palaiseau",17.92,25.01,19.74,17.42,12.66,7.25
"334",29825,7220,5823,6086,5318,3396,1981,"91521","ris-orangis",24.21,19.52,20.41,17.83,11.39,6.64
"335",35846,7081,6199,6969,7249,5244,3105,"91549","sainte-genevieve-des-bois",19.75,17.29,19.44,20.22,14.63,8.66
"336",21437,4775,3815,4309,4091,2854,1594,"91570","saint-michel-sur-orge",22.27,17.8,20.1,19.08,13.31,7.44
"337",37371,7290,7096,7365,7616,5139,2867,"91589","savigny-sur-orge",19.51,18.99,19.71,20.38,13.75,7.67
"338",31050,7193,6233,6282,5565,3799,1978,"91657","vigneux-sur-seine",23.17,20.07,20.23,17.92,12.24,6.37
"339",31045,6923,5688,6323,5830,3982,2299,"91687","viry-chatillon",22.3,18.32,20.37,18.78,12.83,7.41
"340",28699,5714,4659,5711,5831,4273,2512,"91691","yerres",19.91,16.23,19.9,20.32,14.89,8.75
"341",25253,5646,5078,5230,4593,3484,1221,"91692","les-ulis",22.36,20.11,20.71,18.19,13.8,4.84
"342",63232,11756,11594,13206,12180,9220,5277,"92002","antony",18.59,18.34,20.88,19.26,14.58,8.35
"343",89662,18036,18361,22634,15817,9752,5062,"92004","asnieres-sur-seine",20.12,20.48,25.24,17.64,10.88,5.65
"344",43699,9082,8998,9473,8210,5495,2440,"92007","bagneux",20.78,20.59,21.68,18.79,12.57,5.58
"345",29765,5631,5844,6706,6349,3378,1857,"92009","bois-colombes",18.92,19.63,22.53,21.33,11.35,6.24
"346",119808,19672,23712,27439,22826,15748,10412,"92012","boulogne-billancourt",16.42,19.79,22.9,19.05,13.14,8.69
"347",20810,3752,4267,4146,3732,2897,2016,"92014","bourg-la-reine",18.03,20.5,19.92,17.93,13.92,9.69
"348",34898,6623,6698,7325,6899,4796,2558,"92019","chatenay-malabry",18.98,19.19,20.99,19.77,13.74,7.33
"349",36777,6553,6900,8248,7214,4960,2903,"92020","chatillon",17.82,18.76,22.43,19.62,13.49,7.89
"350",54491,10008,10098,10855,11211,7431,4888,"92023","clamart",18.37,18.53,19.92,20.57,13.64,8.97
"351",64849,11886,14266,16112,11627,7497,3461,"92024","clichy",18.33,22,24.85,17.93,11.56,5.34
"352",88870,18630,17599,19618,17075,10674,5274,"92025","colombes",20.96,19.8,22.07,19.21,12.01,5.93
"353",81516,13658,17002,19648,15372,10200,5637,"92026","courbevoie",16.75,20.86,24.1,18.86,12.51,6.92
"354",24772,4902,4712,4710,5048,3353,2048,"92032","fontenay-aux-roses",19.79,19.02,19.01,20.38,13.54,8.27
"355",29932,5385,5872,7101,5988,3637,1950,"92035","la-garenne-colombes",17.99,19.62,23.72,20.01,12.15,6.51
"356",49410,11130,9538,11023,8853,6106,2761,"92036","gennevilliers",22.53,19.3,22.31,17.92,12.36,5.59
"357",68580,12382,13276,17003,13349,8086,4484,"92040","issy-les-moulineaux",18.05,19.36,24.79,19.46,11.79,6.54
"358",68009,12364,14460,16662,11652,8192,4679,"92044","levallois-perret",18.18,21.26,24.5,17.13,12.05,6.88
"359",30292,4935,6511,6453,6247,4058,2088,"92046","malakoff",16.29,21.49,21.3,20.62,13.4,6.89
"360",46342,8839,7508,9405,9764,6398,4428,"92048","meudon",19.07,16.2,20.29,21.07,13.81,9.56
"361",47657,7555,10079,11261,8930,6270,3561,"92049","montrouge",15.85,21.15,23.63,18.74,13.16,7.47
"362",97351,19229,22377,21495,18066,11458,4726,"92050","nanterre",19.75,22.99,22.08,18.56,11.77,4.85
"363",59267,9676,10480,10541,11913,9520,7137,"92051","neuilly-sur-seine",16.33,17.68,17.79,20.1,16.06,12.04
"364",29228,5845,4654,7004,5727,3867,2132,"92060","le-plessis-robinson",20,15.92,23.96,19.59,13.23,7.29
"365",43672,7417,8647,11304,7884,5598,2822,"92062","puteaux",16.98,19.8,25.88,18.05,12.82,6.46
"366",78186,15101,13274,16006,16656,10621,6528,"92063","rueil-malmaison",19.31,16.98,20.47,21.3,13.58,8.35
"367",29727,5722,5022,6114,5909,4022,2939,"92064","saint-cloud",19.25,16.89,20.57,19.88,13.53,9.89
"368",20488,3550,4139,3402,4019,2979,2399,"92071","sceaux",17.33,20.2,16.6,19.62,14.54,11.71
"369",22618,4118,3739,4661,4764,3305,2031,"92072","sevres",18.21,16.53,20.61,21.06,14.61,8.98
"370",49104,9704,8939,12178,9678,5461,3145,"92073","suresnes",19.76,18.2,24.8,19.71,11.12,6.4
"371",28014,4452,5937,5720,5591,3798,2517,"92075","vanves",15.89,21.19,20.42,19.96,13.56,8.98
"372",25371,5982,4851,5385,4516,3137,1500,"92078","villeneuve-la-garenne",23.58,19.12,21.23,17.8,12.36,5.91
"373",90071,19436,19865,21415,16632,9365,3358,"93001","aubervilliers",21.58,22.05,23.78,18.47,10.4,3.73
"374",86135,19882,17580,17235,15954,10521,4962,"93005","aulnay-sous-bois",23.08,20.41,20.01,18.52,12.21,5.76
"375",39366,7878,7933,9258,7442,4744,2110,"93006","bagnolet",20.01,20.15,23.52,18.9,12.05,5.36
"376",58257,13517,12017,12235,10846,6557,3084,"93007","le-blanc-mesnil",23.2,20.63,21,18.62,11.26,5.29
"377",55056,13184,11746,11501,9969,6141,2516,"93008","bobigny",23.95,21.33,20.89,18.11,11.15,4.57
"378",52905,12382,10161,11142,9518,6671,3032,"93010","bondy",23.4,19.21,21.06,17.99,12.61,5.73
"379",29735,8345,6347,5987,4831,3084,1141,"93014","clichy-sous-bois",28.06,21.35,20.13,16.25,10.37,3.84
"380",47160,10785,10341,10632,8858,4828,1716,"93027","la-courneuve",22.87,21.93,22.54,18.78,10.24,3.64
"381",71363,15436,14187,15305,13317,8727,4392,"93029","drancy",21.63,19.88,21.45,18.66,12.23,6.15
"382",53489,12169,11382,11686,9202,6354,2696,"93031","epinay-sur-seine",22.75,21.28,21.85,17.2,11.88,5.04
"383",40189,8816,7487,8352,7972,4988,2574,"93032","gagny",21.94,18.63,20.78,19.84,12.41,6.4
"384",23469,4266,4276,5589,4487,3150,1701,"93045","les-lilas",18.18,18.22,23.81,19.12,13.42,7.25
"385",46028,10108,8664,9832,8540,5718,3165,"93046","livry-gargan",21.96,18.82,21.36,18.55,12.42,6.88
"386",27980,6396,5567,5334,5521,3437,1726,"93047","montfermeil",22.86,19.9,19.06,19.73,12.28,6.17
"387",111455,22124,21464,26892,20954,14242,5780,"93048","montreuil",19.85,19.26,24.13,18.8,12.78,5.19
"388",21415,3771,4479,4301,4255,2998,1610,"93049","neuilly-plaisance",17.61,20.92,20.08,19.87,14,7.52
"389",37531,8571,7427,8289,6805,4478,1961,"93050","neuilly-sur-marne",22.84,19.79,22.09,18.13,11.93,5.23
"390",70374,15068,14264,15539,12657,8999,3847,"93051","noisy-le-grand",21.41,20.27,22.08,17.99,12.79,5.47
"391",46094,10780,8917,10099,8426,5588,2284,"93053","noisy-le-sec",23.39,19.35,21.91,18.28,12.12,4.96
"392",60800,13086,11649,15692,10726,6868,2779,"93055","pantin",21.52,19.16,25.81,17.64,11.3,4.57
"393",24165,5380,4678,5629,4439,2659,1379,"93057","les-pavillons-sous-bois",22.26,19.36,23.29,18.37,11,5.71
"394",32379,7558,6909,6860,5867,3724,1462,"93059","pierrefitte-sur-seine",23.34,21.34,21.19,18.12,11.5,4.52
"395",33266,7383,6027,8011,6281,3942,1622,"93063","romainville",22.19,18.12,24.08,18.88,11.85,4.88
"396",45655,9630,8904,10697,8130,5544,2749,"93064","rosny-sous-bois",21.09,19.5,23.43,17.81,12.14,6.02
"397",113942,24727,26268,26693,19741,11831,4683,"93066","saint-denis",21.7,23.05,23.43,17.33,10.38,4.11
"398",53207,10592,11534,13496,9610,5751,2223,"93070","saint-ouen-sur-seine",19.91,21.68,25.37,18.06,10.81,4.18
"399",51845,12220,10628,10260,9527,6543,2667,"93071","sevran",23.57,20.5,19.79,18.38,12.62,5.14
"400",40359,10594,8433,8902,7056,3795,1580,"93072","stains",26.25,20.89,22.06,17.48,9.4,3.91
"401",37271,8389,7239,7248,7366,4717,2312,"93073","tremblay-en-france",22.51,19.42,19.45,19.76,12.66,6.2
"402",30332,6248,5597,6826,5788,3831,2042,"93077","villemomble",20.6,18.45,22.5,19.08,12.63,6.73
"403",38725,9714,7985,8485,6650,4327,1564,"93078","villepinte",25.08,20.62,21.91,17.17,11.17,4.04
"404",45046,8380,8702,10735,8168,5797,3264,"94002","alfortville",18.6,19.32,23.83,18.13,12.87,7.25
"405",21557,3875,5053,4658,4043,2572,1356,"94003","arcueil",17.98,23.44,21.61,18.75,11.93,6.29
"406",30592,5304,7944,5933,5398,3678,2336,"94016","cachan",17.34,25.97,19.39,17.65,12.02,7.64
"407",77724,15917,15556,15489,15596,10115,5051,"94017","champigny-sur-marne",20.48,20.01,19.93,20.07,13.01,6.5
"408",29445,5231,5582,6533,5780,3958,2361,"94018","charenton-le-pont",17.77,18.96,22.19,19.63,13.44,8.02
"409",20326,4050,3744,4000,4153,2889,1491,"94021","chevilly-larue",19.93,18.42,19.68,20.43,14.21,7.34
"410",46129,9380,9567,10265,8665,5780,2472,"94022","choisy-le-roi",20.33,20.74,22.25,18.78,12.53,5.36
"411",92989,18871,20188,19692,16603,11963,5671,"94028","creteil",20.29,21.71,21.18,17.85,12.86,6.1
"412",51812,10294,9061,11046,10488,7260,3664,"94033","fontenay-sous-bois",19.87,17.49,21.32,20.24,14.01,7.07
"413",28780,5647,6408,7053,5118,2765,1788,"94034","fresnes",19.62,22.27,24.51,17.78,9.61,6.21
"414",31392,6383,5620,5782,6311,4161,3135,"94038","l-hay-les-roses",20.33,17.9,18.42,20.1,13.25,9.99
"415",64001,11487,16097,14659,11115,7177,3465,"94041","ivry-sur-seine",17.95,25.15,22.9,17.37,11.21,5.41
"416",20413,3714,3672,4572,4054,2885,1516,"94042","joinville-le-pont",18.19,17.99,22.4,19.86,14.13,7.43
"417",24380,3807,5928,5264,4694,3098,1589,"94043","le-kremlin-bicetre",15.62,24.32,21.59,19.25,12.71,6.52
"418",27999,6727,5639,6610,4681,2638,1705,"94044","limeil-brevannes",24.03,20.14,23.61,16.72,9.42,6.09
"419",58068,9742,12128,12968,10875,7780,4575,"94046","maisons-alfort",16.78,20.89,22.33,18.73,13.4,7.88
"420",33472,6002,5909,7223,6715,4878,2746,"94052","nogent-sur-marne",17.93,17.65,21.58,20.06,14.57,8.2
"421",24482,5777,4814,5286,4348,2997,1260,"94054","orly",23.6,19.66,21.59,17.76,12.24,5.15
"422",34213,6223,5655,7239,7250,4873,2974,"94058","le-perreux-sur-marne",18.19,16.53,21.16,21.19,14.24,8.69
"423",20218,4223,3480,4181,4068,2689,1577,"94059","le-plessis-trevise",20.89,17.21,20.68,20.12,13.3,7.8
"424",21195,3593,3539,4559,4121,3223,2160,"94067","saint-mande",16.95,16.7,21.51,19.44,15.21,10.19
"425",75441,12157,13087,14146,15798,12011,8241,"94068","saint-maur-des-fosses",16.11,17.35,18.75,20.94,15.92,10.92
"426",27622,5083,4813,4868,5868,4366,2624,"94071","sucy-en-brie",18.4,17.42,17.62,21.24,15.81,9.5
"427",31097,5789,5935,6695,6101,4575,2002,"94073","thiais",18.62,19.09,21.53,19.62,14.71,6.44
"428",57753,10209,13530,12241,10604,7200,3970,"94076","villejuif",17.68,23.43,21.2,18.36,12.47,6.87
"429",21129,4429,3890,4156,4241,2887,1527,"94077","villeneuve-le-roi",20.96,18.41,19.67,20.07,13.66,7.23
"430",35492,8459,8316,7166,6252,3605,1694,"94078","villeneuve-saint-georges",23.83,23.43,20.19,17.62,10.16,4.77
"431",30669,5622,6431,6592,5862,4031,2131,"94079","villiers-sur-marne",18.33,20.97,21.49,19.11,13.14,6.95
"432",48798,8223,9506,12224,9066,5947,3831,"94080","vincennes",16.85,19.48,25.05,18.58,12.19,7.85
"433",96205,19561,20046,20050,18440,12302,5808,"94081","vitry-sur-seine",20.33,20.84,20.84,19.17,12.79,6.04
"434",107221,23748,20665,24031,19836,13020,5921,"95018","argenteuil",22.15,19.27,22.41,18.5,12.14,5.52
"435",32017,6953,6329,7361,6058,3725,1591,"95063","bezons",21.72,19.77,22.99,18.92,11.63,4.97
"436",68348,16217,17622,15783,10066,6807,1852,"95127","cergy",23.73,25.78,23.09,14.73,9.96,2.71
"437",26741,5672,4666,5825,5332,3238,2007,"95176","cormeilles-en-parisis",21.21,17.45,21.78,19.94,12.11,7.51
"438",22510,4153,4258,4872,4423,3117,1687,"95197","deuil-la-barre",18.45,18.92,21.64,19.65,13.85,7.49
"439",25373,5026,4373,5423,4948,3229,2373,"95203","eaubonne",19.81,17.23,21.37,19.5,12.73,9.35
"440",28987,5989,5064,6157,5449,4263,2064,"95219","ermont",20.66,17.47,21.24,18.8,14.71,7.12
"441",37520,8065,6777,8829,6566,4811,2471,"95252","franconville",21.5,18.06,23.53,17.5,12.82,6.59
"442",42841,10680,9077,9142,7629,4681,1632,"95268","garges-les-gonesse",24.93,21.19,21.34,17.81,10.93,3.81
"443",25963,5722,5614,5297,4583,3309,1438,"95277","gonesse",22.04,21.62,20.4,17.65,12.75,5.54
"444",30693,7236,6552,6059,5631,3720,1495,"95280","goussainville",23.58,21.35,19.74,18.35,12.12,4.87
"445",31605,7023,5805,6767,6239,3843,1927,"95306","herblay-sur-seine",22.22,18.37,21.41,19.74,12.16,6.1
"446",22603,5726,4290,4961,4005,2588,1033,"95424","montigny-les-cormeilles",25.33,18.98,21.95,17.72,11.45,4.57
"447",21870,4314,3708,4343,4310,3190,2005,"95428","montmorency",19.73,16.95,19.86,19.71,14.59,9.17
"448",31327,6575,7075,6795,5492,3816,1575,"95500","pontoise",20.99,22.58,21.69,17.53,12.18,5.03
"449",20866,4312,3442,4420,3816,2973,1903,"95555","saint-gratien",20.67,16.5,21.18,18.29,14.25,9.12
"450",25023,5729,4712,5876,4555,3037,1114,"95572","saint-ouen-l-aumone",22.89,18.83,23.48,18.2,12.14,4.45
"451",26768,5517,4677,5660,5682,3499,1732,"95582","sannois",20.61,17.47,21.14,21.23,13.07,6.47
"452",58424,14366,12537,10758,10409,7209,3145,"95585","sarcelles",24.59,21.46,18.41,17.82,12.34,5.38
"453",27025,5596,4914,5366,5549,3663,1937,"95607","taverny",20.71,18.18,19.86,20.53,13.55,7.17
"454",28836,7493,5862,6048,4737,3257,1439,"95680","villiers-le-bel",25.98,20.33,20.97,16.43,11.29,4.99
"455",52118,9589,9634,8427,11239,8679,4550,"97101","les-abymes",18.4,18.48,16.17,21.56,16.65,8.73
"456",30909,6103,5689,5912,6835,4596,1775,"97103","baie-mahault",19.75,18.41,19.13,22.11,14.87,5.74
"457",27184,4391,4200,4927,6331,4999,2336,"97113","le-gosier",16.15,15.45,18.12,23.29,18.39,8.59
"458",22645,3983,3385,3478,5405,4356,2039,"97117","le-moule",17.59,14.95,15.36,23.87,19.24,9
"459",24272,4632,3601,4397,5694,4189,1758,"97118","petit-bourg",19.08,14.84,18.12,23.46,17.26,7.24
"460",24281,4004,3684,3911,5804,4693,2184,"97128","sainte-anne",16.49,15.17,16.11,23.9,19.33,8.99
"461",74921,11970,11961,12408,16503,13942,8137,"97209","fort-de-france",15.98,15.96,16.56,22.03,18.61,10.86
"462",39641,7021,6501,6813,9421,6576,3309,"97213","le-lamentin",17.71,16.4,17.19,23.77,16.59,8.35
"463",21305,3562,3367,3198,5097,4202,1880,"97222","le-robert",16.72,15.8,15.01,23.92,19.72,8.82
"464",63468,17131,14984,13019,10084,6078,2173,"97302","cayenne",26.99,23.61,20.51,15.89,9.58,3.42
"465",24612,7450,5654,5057,4121,1955,375,"97304","kourou",30.27,22.97,20.55,16.74,7.94,1.52
"466",34810,10319,7768,6508,5942,3467,806,"97307","matoury",29.64,22.32,18.7,17.07,9.96,2.32
"467",27274,6717,5047,6627,5228,2763,892,"97309","remire-montjoly",24.63,18.5,24.3,19.17,10.13,3.27
"468",50250,20868,12628,8636,5627,2017,474,"97311","saint-laurent-du-maroni",41.53,25.13,17.19,11.2,4.01,0.94
"469",33336,7564,6950,5537,6859,4650,1775,"97407","le-port",22.69,20.85,16.61,20.58,13.95,5.32
"470",35245,8434,6709,7586,7260,4034,1223,"97408","la-possession",23.93,19.04,21.52,20.6,11.45,3.47
"471",57150,14415,11732,10344,11630,6872,2157,"97409","saint-andre",25.22,20.53,18.1,20.35,12.02,3.77
"472",37023,9207,7166,6481,7409,4984,1776,"97410","saint-benoit",24.87,19.36,17.51,20.01,13.46,4.8
"473",154765,32924,32610,28334,30652,21342,8903,"97411","saint-denis",21.27,21.07,18.31,19.81,13.79,5.75
"474",38807,8367,6656,7103,8521,5682,2478,"97412","saint-joseph",21.56,17.15,18.3,21.96,14.64,6.39
"475",34893,7446,5914,7433,7748,4565,1787,"97413","saint-leu",21.34,16.95,21.3,22.21,13.08,5.12
"476",53935,13071,10635,9933,11006,6600,2691,"97414","saint-louis",24.23,19.72,18.42,20.41,12.24,4.99
"477",105240,21219,18315,21526,23665,14945,5569,"97415","saint-paul",20.16,17.4,20.45,22.49,14.2,5.29
"478",84077,17568,16518,16271,17974,11411,4334,"97416","saint-pierre",20.9,19.65,19.35,21.38,13.57,5.15
"479",34344,7807,6569,6783,7368,4390,1427,"97418","sainte-marie",22.73,19.13,19.75,21.45,12.78,4.16
"480",24293,5564,4853,4556,5371,2865,1083,"97420","sainte-suzanne",22.9,19.98,18.75,22.11,11.79,4.46
"481",81943,18286,16319,15214,16589,11143,4392,"97422","le-tampon",22.32,19.92,18.57,20.24,13.6,5.36
