,2014,2015,2016,2017,2018,2019,2020,2021,2022,2023,code_insee,Ville
Décès domiciliés,391,408,431,459,499,472,518,448,497,458,01053,bourg-en-bresse
Naissances domiciliées,546,463,520,503,495,487,446,418,414,375,01053,bourg-en-bresse
Décès domiciliés,166,174,170,176,170,201,226,182,190,181,01283,oyonnax
Naissances domiciliées,300,324,260,309,316,276,266,255,231,205,01283,oyonnax
Décès domiciliés,232,268,255,264,256,261,286,293,275,256,02408,laon
Naissances domiciliées,373,366,316,330,308,324,271,265,252,277,02408,laon
Décès domiciliés,596,639,690,653,711,681,702,715,798,698,02691,saint-quentin
Naissances domiciliées,756,722,656,643,639,638,633,585,562,605,02691,saint-quentin
Décès domiciliés,274,300,294,292,294,314,354,335,346,336,02722,soissons
Naissances domiciliées,399,355,352,347,360,327,366,315,337,314,02722,soissons
Décès domiciliés,472,547,488,515,473,468,508,519,494,466,03185,montlucon
Naissances domiciliées,397,345,376,354,336,325,330,311,317,349,03185,montlucon
Décès domiciliés,368,435,426,427,420,411,407,462,421,417,03310,vichy
Naissances domiciliées,270,253,248,220,247,240,211,201,191,195,03310,vichy
Décès domiciliés,247,241,268,242,263,268,248,291,265,239,04112,manosque
Naissances domiciliées,272,282,292,279,286,252,223,269,268,244,04112,manosque
Décès domiciliés,387,380,398,358,367,375,400,408,410,388,05061,gap
Naissances domiciliées,403,410,400,374,366,363,378,383,381,306,05061,gap
Décès domiciliés,826,877,844,885,888,888,883,1 029,1 038,956,06004,antibes
Naissances domiciliées,918,855,940,947,924,855,900,907,878,808,06004,antibes
Décès domiciliés,507,575,582,620,571,590,657,610,704,598,06027,cagnes-sur-mer
Naissances domiciliées,594,543,557,539,508,499,527,516,515,435,06027,cagnes-sur-mer
Décès domiciliés,1 033,1 075,1 074,1 033,1 075,1 093,1 052,1 171,1 171,1 155,06029,cannes
Naissances domiciliées,845,791,793,794,787,829,770,704,721,674,06029,cannes
Décès domiciliés,516,557,506,543,497,521,551,585,593,604,06030,le-cannet
Naissances domiciliées,537,506,487,482,480,469,459,460,469,432,06030,le-cannet
Décès domiciliés,468,477,463,475,485,498,520,532,528,534,06069,grasse
Naissances domiciliées,656,652,658,649,623,606,555,553,599,535,06069,grasse
Décès domiciliés,202,295,270,234,271,274,284,302,322,304,06079,mandelieu-la-napoule
Naissances domiciliées,214,198,207,216,212,206,204,208,227,196,06079,mandelieu-la-napoule
Décès domiciliés,270,289,250,282,258,321,285,324,320,278,06083,menton
Naissances domiciliées,85,99,89,99,99,91,103,103,116,106,06083,menton
Décès domiciliés,3 722,3 784,3 795,3 821,3 698,3 586,3 959,4 207,4 004,3 832,06088,nice
Naissances domiciliées,4 772,4 834,4 596,4 593,4 486,4 546,4 300,4 230,4 173,3 859,06088,nice
Décès domiciliés,273,294,322,330,288,323,315,344,303,331,06123,saint-laurent-du-var
Naissances domiciliées,353,363,366,407,361,373,350,403,364,354,06123,saint-laurent-du-var
Décès domiciliés,322,331,339,357,365,343,369,409,376,346,06155,vallauris
Naissances domiciliées,354,374,362,350,351,325,319,326,334,295,06155,vallauris
Décès domiciliés,516,519,567,563,545,551,599,591,554,544,08105,charleville-mezieres
Naissances domiciliées,576,577,549,533,493,536,520,450,472,445,08105,charleville-mezieres
Décès domiciliés,542,611,581,553,625,585,615,629,580,636,10387,troyes
Naissances domiciliées,812,807,811,725,739,775,692,696,709,738,10387,troyes
Décès domiciliés,504,521,568,550,568,529,559,574,597,579,11069,carcassonne
Naissances domiciliées,580,566,522,533,505,551,519,505,477,461,11069,carcassonne
Décès domiciliés,638,619,644,620,656,648,701,734,749,705,11262,narbonne
Naissances domiciliées,542,595,541,568,562,541,569,488,524,523,11262,narbonne
Décès domiciliés,249,250,255,284,252,227,227,343,280,271,12145,millau
Naissances domiciliées,209,175,185,173,189,191,181,222,196,199,12145,millau
Décès domiciliés,227,285,264,280,206,252,308,269,285,282,12202,rodez
Naissances domiciliées,236,226,257,220,226,195,207,223,210,189,12202,rodez
Décès domiciliés,1 114,1 130,1 104,1 149,1 127,1 223,1 280,1 266,1 249,1 200,13001,aix-en-provence
Naissances domiciliées,1 592,1 551,1 550,1 491,1 554,1 438,1 445,1 438,1 412,1 284,13001,aix-en-provence
Décès domiciliés,179,173,188,197,193,200,216,234,231,228,13002,allauch
Naissances domiciliées,198,190,205,182,167,192,156,191,211,151,13002,allauch
Décès domiciliés,526,570,594,529,576,573,666,563,633,561,13004,arles
Naissances domiciliées,654,638,615,622,649,597,600,577,587,524,13004,arles
Décès domiciliés,448,516,524,511,509,495,516,565,494,512,13005,aubagne
Naissances domiciliées,526,507,520,522,509,477,421,464,531,485,13005,aubagne
Décès domiciliés,375,452,429,405,465,457,471,521,561,474,13028,la-ciotat
Naissances domiciliées,399,360,368,383,368,385,346,366,346,344,13028,la-ciotat
Décès domiciliés,172,136,166,163,138,182,206,232,217,199,13041,gardanne
Naissances domiciliées,300,316,289,262,271,284,231,275,262,228,13041,gardanne
Décès domiciliés,328,325,279,311,287,270,309,347,372,325,13047,istres
Naissances domiciliées,495,493,467,516,490,502,493,487,510,449,13047,istres
Décès domiciliés,301,307,320,280,298,307,360,370,334,319,13054,marignane
Naissances domiciliées,526,446,476,453,444,454,411,453,441,428,13054,marignane
Décès domiciliés,7 083,7 576,7 453,7 704,7 542,7 604,8 729,8 597,8 153,7 671,13055,marseille
Naissances domiciliées,12 637,12 932,12 582,12 784,12 789,12 700,12 504,12 097,11 951,11 415,13055,marseille
Décès domiciliés,394,419,410,447,444,426,510,555,540,507,13056,martigues
Naissances domiciliées,612,573,615,579,575,555,516,527,558,504,13056,martigues
Décès domiciliés,199,240,212,229,215,216,222,230,258,248,13063,miramas
Naissances domiciliées,382,384,359,362,377,360,346,381,367,316,13063,miramas
Décès domiciliés,183,174,192,193,185,193,231,224,206,202,13071,les-pennes-mirabeau
Naissances domiciliées,196,201,211,224,239,214,226,224,231,185,13071,les-pennes-mirabeau
Décès domiciliés,374,385,404,428,432,392,476,487,516,428,13103,salon-de-provence
Naissances domiciliées,664,631,632,613,572,537,558,518,514,496,13103,salon-de-provence
Décès domiciliés,234,220,266,234,261,258,273,339,310,300,13117,vitrolles
Naissances domiciliées,573,497,512,504,447,488,451,508,465,425,13117,vitrolles
Décès domiciliés,860,891,1 005,1 035,909,896,978,1 046,1 023,993,14118,caen
Naissances domiciliées,1 213,1 156,1 161,1 082,1 090,1 034,1 035,1 010,975,929,14118,caen
Décès domiciliés,147,132,150,167,146,165,163,179,182,177,14327,herouville-saint-clair
Naissances domiciliées,297,302,283,276,266,268,263,235,243,244,14327,herouville-saint-clair
Décès domiciliés,388,409,396,447,390,414,429,414,445,424,15014,aurillac
Naissances domiciliées,240,224,192,191,209,208,202,214,179,198,15014,aurillac
Décès domiciliés,361,438,406,399,386,406,423,426,429,400,16015,angouleme
Naissances domiciliées,516,530,524,475,479,523,467,470,510,472,16015,angouleme
Décès domiciliés,300,364,335,330,327,343,350,379,408,336,17299,rochefort
Naissances domiciliées,226,232,228,206,217,191,191,197,181,169,17299,rochefort
Décès domiciliés,666,769,698,752,728,731,728,790,867,801,17300,la-rochelle
Naissances domiciliées,675,673,690,647,703,721,676,649,665,592,17300,la-rochelle
Décès domiciliés,333,387,335,358,382,353,396,393,442,349,17415,saintes
Naissances domiciliées,242,213,224,196,181,234,170,183,186,155,17415,saintes
Décès domiciliés,733,754,759,741,778,827,845,865,822,812,18033,bourges
Naissances domiciliées,807,725,727,715,705,710,702,661,655,622,18033,bourges
Décès domiciliés,420,385,395,383,390,394,428,428,416,381,18279,vierzon
Naissances domiciliées,300,291,307,302,267,303,248,264,272,233,18279,vierzon
Décès domiciliés,559,535,563,557,526,599,550,598,615,560,19031,brive-la-gaillarde
Naissances domiciliées,502,466,485,440,447,458,450,426,461,394,19031,brive-la-gaillarde
Décès domiciliés,218,268,244,235,278,249,250,221,266,246,21054,beaune
Naissances domiciliées,219,225,235,198,178,171,184,166,166,160,21054,beaune
Décès domiciliés,1 170,1 206,1 206,1 278,1 209,1 195,1 397,1 227,1 265,1 252,21231,dijon
Naissances domiciliées,1 804,1 657,1 730,1 639,1 628,1 632,1 593,1 464,1 460,1 346,21231,dijon
Décès domiciliés,200,213,206,222,219,244,250,249,245,246,22113,lannion
Naissances domiciliées,192,165,142,132,144,160,155,173,137,131,22113,lannion
Décès domiciliés,556,561,598,579,623,580,612,624,643,581,22278,saint-brieuc
Naissances domiciliées,514,542,477,486,460,489,471,475,468,424,22278,saint-brieuc
Décès domiciliés,359,370,397,417,401,408,410,437,424,411,24037,bergerac
Naissances domiciliées,261,274,214,231,224,222,208,233,211,201,24037,bergerac
Décès domiciliés,378,383,371,387,358,394,358,401,441,402,24322,perigueux
Naissances domiciliées,288,293,274,288,275,250,270,277,302,234,24322,perigueux
Décès domiciliés,868,929,896,889,963,936,1 063,975,1 019,959,25056,besancon
Naissances domiciliées,1 481,1 528,1 516,1 469,1 386,1 316,1 236,1 227,1 174,1 099,25056,besancon
Décès domiciliés,254,257,271,271,256,273,329,285,334,330,25388,montbeliard
Naissances domiciliées,363,319,359,323,316,329,276,246,267,259,25388,montbeliard
Décès domiciliés,330,316,334,345,384,389,423,415,452,403,26198,montelimar
Naissances domiciliées,498,515,478,459,437,445,456,443,464,447,26198,montelimar
Décès domiciliés,379,351,359,389,373,392,435,411,394,392,26281,romans-sur-isere
Naissances domiciliées,426,394,393,385,368,355,354,323,313,302,26281,romans-sur-isere
Décès domiciliés,543,598,598,617,664,637,687,648,672,691,26362,valence
Naissances domiciliées,919,907,847,884,844,883,824,833,805,735,26362,valence
Décès domiciliés,458,472,441,471,416,480,494,515,556,464,27229,evreux
Naissances domiciliées,782,752,765,734,678,673,670,582,622,622,27229,evreux
Décès domiciliés,192,246,249,242,239,248,285,270,275,284,27681,vernon
Naissances domiciliées,369,320,370,376,374,368,355,310,287,297,27681,vernon
Décès domiciliés,419,451,457,471,464,493,535,495,499,468,28085,chartres
Naissances domiciliées,525,515,486,428,448,439,429,445,424,415,28085,chartres
Décès domiciliés,258,263,306,251,249,281,350,301,294,279,28134,dreux
Naissances domiciliées,619,520,591,521,519,509,468,486,504,470,28134,dreux
Décès domiciliés,1 164,1 281,1 311,1 314,1 271,1 246,1 312,1 263,1 393,1 338,29019,brest
Naissances domiciliées,1 697,1 710,1 613,1 643,1 498,1 449,1 482,1 475,1 480,1 425,29019,brest
Décès domiciliés,288,279,265,283,338,292,329,277,320,313,29039,concarneau
Naissances domiciliées,140,130,130,140,124,131,144,130,142,118,29039,concarneau
Décès domiciliés,575,668,663,710,713,632,652,703,797,719,29232,quimper
Naissances domiciliées,632,568,586,587,595,614,564,606,645,561,29232,quimper
Décès domiciliés,623,571,620,590,622,625,699,670,714,664,2A004,ajaccio
Naissances domiciliées,568,523,546,497,492,497,496,507,542,484,2A004,ajaccio
Décès domiciliés,375,374,382,420,385,377,368,433,422,410,2B033,bastia
Naissances domiciliées,376,361,375,376,361,329,323,275,285,278,2B033,bastia
Décès domiciliés,465,529,519,461,549,494,544,569,615,505,30007,ales
Naissances domiciliées,435,444,405,405,445,400,388,404,402,357,30007,ales
Décès domiciliés,1 321,1 453,1 475,1 376,1 468,1 500,1 621,1 489,1 696,1 526,30189,nimes
Naissances domiciliées,2 087,2 006,1 959,1 948,1 919,1 862,1 829,1 753,1 808,1 604,30189,nimes
Décès domiciliés,150,151,146,178,156,172,202,179,181,187,31069,blagnac
Naissances domiciliées,302,332,320,303,329,279,315,302,296,263,31069,blagnac
Décès domiciliés,208,233,242,275,234,248,287,282,285,284,31149,colomiers
Naissances domiciliées,566,538,509,483,494,431,437,414,385,391,31149,colomiers
Décès domiciliés,98,101,94,88,94,100,103,107,115,107,31157,cugnaux
Naissances domiciliées,242,254,215,248,247,260,271,302,260,279,31157,cugnaux
Décès domiciliés,205,206,194,233,239,240,207,277,250,251,31395,muret
Naissances domiciliées,308,303,293,287,240,229,227,238,247,210,31395,muret
Décès domiciliés,2 596,2 814,2 768,2 763,2 791,2 922,2 990,2 994,2 981,2 939,31555,toulouse
Naissances domiciliées,6 748,6 712,6 630,6 590,6 819,6 957,6 520,6 056,5 982,5 585,31555,toulouse
Décès domiciliés,112,142,137,125,143,143,159,166,171,151,31557,tournefeuille
Naissances domiciliées,298,329,273,319,267,257,281,317,289,288,31557,tournefeuille
Décès domiciliés,250,285,297,342,303,268,332,308,300,309,32013,auch
Naissances domiciliées,214,218,207,199,194,187,183,197,204,186,32013,auch
Décès domiciliés,229,221,255,247,259,247,243,248,328,252,33039,begles
Naissances domiciliées,325,367,386,373,409,414,393,413,473,371,33039,begles
Décès domiciliés,1 705,1 852,1 722,1 888,1 863,1 812,1 847,1 931,2 105,1 894,33063,bordeaux
Naissances domiciliées,2 943,3 032,2 999,3 121,3 224,3 334,3 287,3 175,2 954,2 858,33063,bordeaux
Décès domiciliés,212,198,247,246,245,232,240,273,254,256,33069,le-bouscat
Naissances domiciliées,269,259,250,252,233,241,233,273,260,231,33069,le-bouscat
Décès domiciliés,97,116,90,75,112,89,99,125,125,88,33075,bruges
Naissances domiciliées,251,242,252,261,270,251,218,225,243,223,33075,bruges
Décès domiciliés,195,210,182,195,198,191,211,237,212,197,33119,cenon
Naissances domiciliées,358,363,359,413,378,384,405,343,326,324,33119,cenon
Décès domiciliés,144,173,152,186,178,167,178,188,213,212,33162,eysines
Naissances domiciliées,311,290,305,317,346,308,287,301,286,282,33162,eysines
Décès domiciliés,227,226,206,241,229,218,239,259,244,248,33192,gradignan
Naissances domiciliées,224,236,215,230,244,214,199,199,202,231,33192,gradignan
Décès domiciliés,206,230,206,207,219,231,238,205,212,235,33199,gujan-mestras
Naissances domiciliées,164,148,157,157,151,152,157,149,167,143,33199,gujan-mestras
Décès domiciliés,249,263,250,250,254,258,267,326,288,270,33243,libourne
Naissances domiciliées,287,313,272,275,287,249,273,274,262,232,33243,libourne
Décès domiciliés,177,156,183,161,172,169,182,176,187,176,33249,lormont
Naissances domiciliées,325,368,407,383,399,427,362,357,364,321,33249,lormont
Décès domiciliés,484,531,526,499,514,559,538,602,642,557,33281,merignac
Naissances domiciliées,794,765,757,771,836,816,868,822,805,749,33281,merignac
Décès domiciliés,458,453,457,456,464,475,500,488,528,504,33318,pessac
Naissances domiciliées,654,665,652,583,595,585,582,556,570,517,33318,pessac
Décès domiciliés,191,200,201,200,197,244,212,247,263,231,33449,saint-medard-en-jalles
Naissances domiciliées,302,317,296,258,276,253,275,300,280,227,33449,saint-medard-en-jalles
Décès domiciliés,250,282,247,275,285,298,334,292,335,302,33522,talence
Naissances domiciliées,500,473,470,454,455,471,420,470,454,446,33522,talence
Décès domiciliés,314,303,342,355,342,345,301,380,345,334,33529,la-teste-de-buch
Naissances domiciliées,201,189,214,208,192,191,191,195,196,162,33529,la-teste-de-buch
Décès domiciliés,219,218,240,242,269,300,285,328,303,321,33550,villenave-d-ornon
Naissances domiciliées,395,449,444,424,438,443,524,547,553,573,33550,villenave-d-ornon
Décès domiciliés,352,345,367,370,389,395,414,440,438,427,34003,agde
Naissances domiciliées,260,264,271,252,253,251,254,277,240,211,34003,agde
Décès domiciliés,823,927,891,937,950,978,950,1 103,1 055,985,34032,beziers
Naissances domiciliées,1 147,1 184,1 108,1 087,1 032,1 081,1 086,1 084,1 034,919,34032,beziers
Décès domiciliés,118,141,130,159,167,163,173,173,163,173,34057,castelnau-le-lez
Naissances domiciliées,202,225,237,217,282,283,320,343,270,283,34057,castelnau-le-lez
Décès domiciliés,207,233,228,234,241,210,279,235,276,250,34108,frontignan
Naissances domiciliées,231,261,243,219,245,202,215,203,234,206,34108,frontignan
Décès domiciliés,222,228,272,246,251,266,292,286,316,284,34145,lunel
Naissances domiciliées,392,360,325,311,321,319,280,306,283,272,34145,lunel
Décès domiciliés,1 654,1 743,1 695,1 807,1 832,1 765,2 060,1 941,2 051,1 900,34172,montpellier
Naissances domiciliées,3 947,3 857,3 844,3 851,3 700,3 694,3 549,3 481,3 345,3 113,34172,montpellier
Décès domiciliés,505,551,562,569,582,570,653,678,609,583,34301,sete
Naissances domiciliées,488,493,462,452,406,394,411,407,379,316,34301,sete
Décès domiciliés,249,255,255,228,265,239,250,313,308,318,35115,fougeres
Naissances domiciliées,192,193,200,181,190,189,163,157,171,183,35115,fougeres
Décès domiciliés,1 372,1 429,1 427,1 486,1 512,1 531,1 480,1 576,1 598,1 556,35238,rennes
Naissances domiciliées,2 635,2 654,2 652,2 585,2 659,2 666,2 658,2 703,2 612,2 518,35238,rennes
Décès domiciliés,640,692,661,686,685,679,716,765,759,712,35288,saint-malo
Naissances domiciliées,380,360,376,366,381,364,361,378,370,338,35288,saint-malo
Décès domiciliés,482,516,499,522,477,515,541,502,561,473,36044,chateauroux
Naissances domiciliées,513,476,438,500,485,509,479,486,459,416,36044,chateauroux
Décès domiciliés,283,324,332,331,348,378,359,408,363,342,37122,joue-les-tours
Naissances domiciliées,523,528,463,432,436,433,421,407,379,401,37122,joue-les-tours
Décès domiciliés,1 093,1 137,1 088,1 179,1 175,1 149,1 291,1 321,1 283,1 205,37261,tours
Naissances domiciliées,1 686,1 597,1 641,1 597,1 599,1 612,1 553,1 497,1 453,1 474,37261,tours
Décès domiciliés,210,251,240,256,235,277,296,259,295,244,38053,bourgoin-jallieu
Naissances domiciliées,407,390,451,419,437,390,388,404,379,341,38053,bourgoin-jallieu
Décès domiciliés,265,305,254,279,289,319,343,324,387,337,38151,echirolles
Naissances domiciliées,588,534,569,598,535,514,491,497,535,466,38151,echirolles
Décès domiciliés,156,165,161,177,156,206,256,206,207,186,38169,fontaine
Naissances domiciliées,351,302,286,314,323,311,243,273,235,238,38169,fontaine
Décès domiciliés,1 044,1 063,1 102,1 193,1 088,1 117,1 369,1 201,1 197,1 105,38185,grenoble
Naissances domiciliées,2 419,2 308,2 227,2 222,2 122,2 057,1 982,1 811,1 808,1 763,38185,grenoble
Décès domiciliés,199,206,217,245,209,213,259,218,249,262,38421,saint-martin-d-heres
Naissances domiciliées,603,513,515,465,448,402,398,388,383,369,38421,saint-martin-d-heres
Décès domiciliés,270,327,258,265,292,302,352,277,281,300,38544,vienne
Naissances domiciliées,445,395,419,445,369,389,387,380,341,322,38544,vienne
Décès domiciliés,197,162,218,197,187,214,259,237,216,246,38563,voiron
Naissances domiciliées,286,250,271,241,257,204,230,194,213,207,38563,voiron
Décès domiciliés,251,251,235,256,281,249,271,273,255,267,39198,dole
Naissances domiciliées,275,265,244,245,206,220,218,198,189,182,39198,dole
Décès domiciliés,320,353,364,375,387,362,375,370,406,407,40088,dax
Naissances domiciliées,182,194,189,166,178,203,151,205,187,168,40088,dax
Décès domiciliés,281,322,289,277,278,322,322,341,368,355,40192,mont-de-marsan
Naissances domiciliées,311,273,280,288,283,262,274,274,314,225,40192,mont-de-marsan
Décès domiciliés,449,457,439,422,415,473,473,497,544,435,41018,blois
Naissances domiciliées,725,667,663,601,625,630,633,617,654,599,41018,blois
Décès domiciliés,434,416,401,441,426,427,492,424,453,379,42187,roanne
Naissances domiciliées,437,470,413,395,387,388,388,333,380,365,42187,roanne
Décès domiciliés,345,386,387,390,364,377,432,402,391,349,42207,saint-chamond
Naissances domiciliées,473,437,429,442,390,424,394,430,442,400,42207,saint-chamond
Décès domiciliés,1 703,1 787,1 693,1 730,1 680,1 827,2 054,1 770,1 814,1 770,42218,saint-etienne
Naissances domiciliées,2 323,2 337,2 252,2 278,2 187,2 258,2 209,2 053,1 990,1 986,42218,saint-etienne
Décès domiciliés,150,142,133,146,145,149,161,180,184,182,44020,bouguenais
Naissances domiciliées,275,250,264,276,257,266,226,258,256,250,44020,bouguenais
Décès domiciliés,129,130,147,146,143,166,155,139,145,151,44026,carquefou
Naissances domiciliées,153,155,155,196,176,159,176,188,186,194,44026,carquefou
Décès domiciliés,105,108,111,134,116,120,123,144,132,132,44035,la-chapelle-sur-erdre
Naissances domiciliées,208,199,208,190,191,193,165,195,189,153,44035,la-chapelle-sur-erdre
Décès domiciliés,120,96,119,141,143,161,160,134,156,159,44047,coueron
Naissances domiciliées,238,262,271,248,249,237,272,278,290,265,44047,coueron
Décès domiciliés,1 910,2 146,2 130,2 127,2 188,2 155,2 309,2 263,2 332,2 179,44109,nantes
Naissances domiciliées,4 109,4 011,4 173,4 253,4 214,4 412,4 396,4 294,4 257,4 044,44109,nantes
Décès domiciliés,193,208,222,218,206,215,196,209,201,201,44114,orvault
Naissances domiciliées,279,283,298,306,273,292,267,271,276,227,44114,orvault
Décès domiciliés,321,371,364,365,409,371,398,434,388,401,44143,reze
Naissances domiciliées,512,566,524,559,543,548,586,567,517,505,44143,reze
Décès domiciliés,249,297,307,299,296,312,309,431,371,339,44162,saint-herblain
Naissances domiciliées,656,703,649,669,775,772,730,705,721,644,44162,saint-herblain
Décès domiciliés,703,710,749,820,806,785,812,825,889,777,44184,saint-nazaire
Naissances domiciliées,812,834,748,747,736,782,735,760,721,731,44184,saint-nazaire
Décès domiciliés,187,224,226,204,239,237,257,255,257,252,44190,saint-sebastien-sur-loire
Naissances domiciliées,303,294,310,288,330,281,323,310,277,293,44190,saint-sebastien-sur-loire
Décès domiciliés,144,183,166,189,159,206,210,207,205,228,44215,vertou
Naissances domiciliées,228,238,226,252,257,270,263,295,269,247,44215,vertou
Décès domiciliés,149,141,155,157,172,167,141,152,169,150,45147,fleury-les-aubrais
Naissances domiciliées,364,314,330,332,341,328,304,307,320,261,45147,fleury-les-aubrais
Décès domiciliés,161,168,161,186,186,182,159,156,185,181,45232,olivet
Naissances domiciliées,209,194,175,209,181,224,193,217,202,194,45232,olivet
Décès domiciliés,744,845,765,811,786,781,868,846,898,877,45234,orleans
Naissances domiciliées,1 816,1 832,1 781,1 716,1 888,1 686,1 536,1 450,1 472,1 445,45234,orleans
Décès domiciliés,116,106,140,128,127,126,140,165,143,178,45284,saint-jean-de-braye
Naissances domiciliées,279,262,274,267,243,318,312,315,336,273,45284,saint-jean-de-braye
Décès domiciliés,246,283,265,251,257,317,252,268,255,267,46042,cahors
Naissances domiciliées,185,162,181,168,180,187,154,170,154,132,46042,cahors
Décès domiciliés,390,458,359,393,388,376,437,409,404,366,47001,agen
Naissances domiciliées,450,425,425,412,407,391,377,328,346,364,47001,agen
Décès domiciliés,320,368,270,305,308,302,295,334,384,287,47323,villeneuve-sur-lot
Naissances domiciliées,244,235,250,222,211,247,245,208,237,218,47323,villeneuve-sur-lot
Décès domiciliés,1 096,1 248,1 313,1 257,1 216,1 216,1 328,1 339,1 391,1 253,49007,angers
Naissances domiciliées,1 905,1 933,1 808,1 860,1 875,1 864,1 778,1 749,1 735,1 712,49007,angers
Décès domiciliés,200,192,202,215,209,215,217,227,260,242,49023,beaupreau-en-mauges
Naissances domiciliées,313,268,264,235,270,227,229,235,210,176,49023,beaupreau-en-mauges
Décès domiciliés,189,207,231,215,205,225,243,226,216,225,49092,chemille-en-anjou
Naissances domiciliées,273,279,242,271,252,235,218,208,226,221,49092,chemille-en-anjou
Décès domiciliés,364,448,465,470,478,469,469,500,524,482,49099,cholet
Naissances domiciliées,588,576,556,580,547,522,542,561,565,469,49099,cholet
Décès domiciliés,219,227,186,202,212,178,247,230,229,256,49301,sevremoine
Naissances domiciliées,381,346,261,302,275,266,258,242,227,216,49301,sevremoine
Décès domiciliés,287,370,355,332,340,362,354,347,375,370,49328,saumur
Naissances domiciliées,281,275,237,255,253,253,254,270,252,255,49328,saumur
Décès domiciliés,783,834,910,837,827,876,841,887,954,915,50129,cherbourg-en-cotentin
Naissances domiciliées,870,797,739,766,713,781,674,692,702,653,50129,cherbourg-en-cotentin
Décès domiciliés,424,408,474,486,459,393,476,511,490,446,51108,chalons-en-champagne
Naissances domiciliées,590,593,536,575,474,486,491,507,475,435,51108,chalons-en-champagne
Décès domiciliés,240,304,279,286,285,276,343,264,326,260,51230,epernay
Naissances domiciliées,306,271,242,247,251,241,220,215,222,224,51230,epernay
Décès domiciliés,1 459,1 551,1 479,1 467,1 606,1 470,1 624,1 631,1 588,1 569,51454,reims
Naissances domiciliées,2 630,2 606,2 561,2 513,2 395,2 365,2 284,2 260,2 178,1 920,51454,reims
Décès domiciliés,209,233,198,242,228,212,228,232,213,203,52121,chaumont
Naissances domiciliées,248,226,190,190,200,160,191,165,184,156,52121,chaumont
Décès domiciliés,274,320,294,313,282,292,356,274,318,305,52448,saint-dizier
Naissances domiciliées,309,287,264,244,254,230,229,226,207,250,52448,saint-dizier
Décès domiciliés,442,435,504,472,473,476,516,502,534,547,53130,laval
Naissances domiciliées,601,630,574,563,558,611,620,605,608,619,53130,laval
Décès domiciliés,731,758,737,743,741,780,860,841,838,837,54395,nancy
Naissances domiciliées,1 234,1 175,1 188,1 155,1 080,1 035,975,984,909,896,54395,nancy
Décès domiciliés,179,214,223,224,214,214,221,259,245,228,54547,vandoeuvre-les-nancy
Naissances domiciliées,387,411,407,366,356,311,298,289,281,242,54547,vandoeuvre-les-nancy
Décès domiciliés,231,210,252,251,263,228,237,253,266,278,56098,lanester
Naissances domiciliées,226,240,245,222,207,222,211,232,229,209,56098,lanester
Décès domiciliés,571,613,606,622,597,582,607,664,652,619,56121,lorient
Naissances domiciliées,667,635,620,617,642,674,649,620,588,591,56121,lorient
Décès domiciliés,603,634,579,601,653,644,615,605,693,706,56260,vannes
Naissances domiciliées,571,547,517,544,516,481,502,484,506,458,56260,vannes
Décès domiciliés,220,240,223,220,230,211,259,240,282,245,57227,forbach
Naissances domiciliées,240,282,282,252,251,237,234,230,203,207,57227,forbach
Décès domiciliés,1 003,962,1 014,1 015,1 009,1 033,1 211,1 161,1 123,1 082,57463,metz
Naissances domiciliées,1 613,1 589,1 543,1 522,1 421,1 508,1 360,1 304,1 304,1 311,57463,metz
Décès domiciliés,214,231,242,275,247,254,304,230,262,234,57480,montigny-les-metz
Naissances domiciliées,207,210,198,215,207,195,175,200,218,182,57480,montigny-les-metz
Décès domiciliés,238,252,250,267,272,268,290,255,244,261,57631,sarreguemines
Naissances domiciliées,220,217,211,216,207,212,187,179,166,148,57631,sarreguemines
Décès domiciliés,377,401,363,369,406,421,462,452,460,392,57672,thionville
Naissances domiciliées,436,419,442,447,436,420,402,414,388,383,57672,thionville
Décès domiciliés,402,425,485,431,452,406,477,446,468,472,58194,nevers
Naissances domiciliées,357,387,362,368,346,309,283,290,271,297,58194,nevers
Décès domiciliés,314,319,317,362,331,362,369,399,384,385,59009,villeneuve-d-ascq
Naissances domiciliées,875,844,840,791,722,758,730,684,651,787,59009,villeneuve-d-ascq
Décès domiciliés,234,221,218,222,225,194,268,231,283,219,59017,armentieres
Naissances domiciliées,409,384,412,376,361,376,356,359,375,350,59017,armentieres
Décès domiciliés,409,397,384,394,389,415,420,453,452,427,59122,cambrai
Naissances domiciliées,379,371,368,345,345,314,304,301,308,279,59122,cambrai
Décès domiciliés,190,216,223,202,211,197,247,238,233,231,59155,coudekerque-branche
Naissances domiciliées,244,252,230,202,228,215,203,221,182,192,59155,coudekerque-branche
Décès domiciliés,157,164,158,188,172,156,206,180,196,175,59163,croix
Naissances domiciliées,337,304,272,274,293,278,271,213,231,212,59163,croix
Décès domiciliés,188,200,227,204,199,201,225,232,193,188,59172,denain
Naissances domiciliées,433,372,413,360,308,320,349,320,325,317,59172,denain
Décès domiciliés,378,426,446,407,438,375,472,419,437,417,59178,douai
Naissances domiciliées,587,583,577,555,525,496,526,518,552,466,59178,douai
Décès domiciliés,861,891,904,918,873,910,1 001,972,953,901,59183,dunkerque
Naissances domiciliées,1 130,1 101,1 085,986,938,944,954,762,677,668,59183,dunkerque
Décès domiciliés,163,138,135,118,143,153,156,212,208,201,59271,grande-synthe
Naissances domiciliées,379,362,329,336,323,298,274,250,274,240,59271,grande-synthe
Décès domiciliés,136,153,135,130,129,134,148,164,190,135,59279,halluin
Naissances domiciliées,309,292,285,248,281,255,244,256,223,220,59279,halluin
Décès domiciliés,221,221,216,210,254,238,240,229,260,234,59295,hazebrouck
Naissances domiciliées,245,226,239,218,200,204,196,201,210,194,59295,hazebrouck
Décès domiciliés,210,219,186,210,221,211,225,229,218,200,59328,lambersart
Naissances domiciliées,402,347,406,345,321,329,330,303,296,269,59328,lambersart
Décès domiciliés,1 349,1 449,1 426,1 449,1 458,1 423,1 656,1 495,1 470,1 523,59350,lille
Naissances domiciliées,3 636,3 441,3 338,3 162,3 147,3 134,2 979,2 732,2 473,2 305,59350,lille
Décès domiciliés,137,169,144,164,178,165,185,170,162,167,59360,loos
Naissances domiciliées,366,375,371,357,355,349,326,297,274,252,59360,loos
Décès domiciliés,165,147,160,171,166,178,170,169,185,180,59368,la-madeleine
Naissances domiciliées,357,339,308,319,320,326,281,310,273,276,59368,la-madeleine
Décès domiciliés,354,360,378,361,368,349,441,358,343,355,59378,marcq-en-baroeul
Naissances domiciliées,498,456,438,446,450,473,433,432,428,363,59378,marcq-en-baroeul
Décès domiciliés,293,312,271,343,314,295,351,360,316,293,59392,maubeuge
Naissances domiciliées,491,432,440,426,404,379,352,350,348,324,59392,maubeuge
Décès domiciliés,153,146,154,149,137,155,146,158,171,146,59410,mons-en-baroeul
Naissances domiciliées,333,302,317,347,312,319,289,240,241,238,59410,mons-en-baroeul
Décès domiciliés,671,727,707,703,705,688,809,812,759,726,59512,roubaix
Naissances domiciliées,2 083,1 935,1 974,1 875,1 792,1 802,1 593,1 648,1 511,1 385,59512,roubaix
Décès domiciliés,618,685,731,702,685,674,853,784,765,719,59599,tourcoing
Naissances domiciliées,1 821,1 769,1 756,1 605,1 639,1 542,1 511,1 420,1 349,1 299,59599,tourcoing
Décès domiciliés,428,414,397,414,460,395,510,407,481,420,59606,valenciennes
Naissances domiciliées,653,673,581,545,518,516,532,485,522,513,59606,valenciennes
Décès domiciliés,201,215,202,169,193,242,219,210,235,210,59646,wasquehal
Naissances domiciliées,292,313,267,264,261,265,243,255,261,224,59646,wasquehal
Décès domiciliés,307,338,355,331,304,308,330,368,365,346,59650,wattrelos
Naissances domiciliées,541,559,556,529,522,530,493,526,478,462,59650,wattrelos
Décès domiciliés,457,495,497,486,520,545,575,584,540,549,60057,beauvais
Naissances domiciliées,904,931,857,844,827,787,772,720,685,652,60057,beauvais
Décès domiciliés,381,366,408,397,436,370,449,412,419,360,60159,compiegne
Naissances domiciliées,545,527,525,495,487,486,456,405,432,407,60159,compiegne
Décès domiciliés,221,228,216,234,204,199,265,277,237,215,60175,creil
Naissances domiciliées,789,740,745,731,660,687,605,606,637,583,60175,creil
Décès domiciliés,140,147,135,149,134,133,183,147,151,153,60463,nogent-sur-oise
Naissances domiciliées,333,348,362,334,324,366,356,360,320,305,60463,nogent-sur-oise
Décès domiciliés,299,292,295,291,330,320,318,321,322,306,61001,alencon
Naissances domiciliées,313,343,289,286,297,247,237,251,264,288,61001,alencon
Décès domiciliés,363,383,368,383,401,372,410,395,395,401,62041,arras
Naissances domiciliées,578,541,518,536,510,522,458,470,436,416,62041,arras
Décès domiciliés,246,236,323,257,292,250,293,273,305,292,62119,bethune
Naissances domiciliées,322,294,308,271,255,248,280,222,268,225,62119,bethune
Décès domiciliés,440,516,435,525,484,392,468,495,488,479,62160,boulogne-sur-mer
Naissances domiciliées,618,568,572,488,499,473,445,462,439,412,62160,boulogne-sur-mer
Décès domiciliés,256,261,260,293,267,228,265,270,244,245,62178,bruay-la-buissiere
Naissances domiciliées,290,293,273,267,238,249,220,271,254,233,62178,bruay-la-buissiere
Décès domiciliés,632,745,705,703,742,693,711,744,780,719,62193,calais
Naissances domiciliées,1 094,1 021,986,1 000,809,862,813,755,771,789,62193,calais
Décès domiciliés,267,280,267,246,284,253,316,285,314,276,62427,henin-beaumont
Naissances domiciliées,435,425,396,390,301,348,306,346,318,323,62427,henin-beaumont
Décès domiciliés,377,384,388,375,398,348,446,374,372,373,62498,lens
Naissances domiciliées,455,434,442,425,391,413,434,401,422,415,62498,lens
Décès domiciliés,312,330,345,356,388,355,350,359,330,328,62510,lievin
Naissances domiciliées,479,423,409,391,360,364,355,368,339,321,62510,lievin
Décès domiciliés,1 021,1 080,1 065,1 105,1 057,1 126,1 217,1 112,1 165,1 094,63113,clermont-ferrand
Naissances domiciliées,1 773,1 758,1 797,1 746,1 735,1 794,1 564,1 601,1 574,1 531,63113,clermont-ferrand
Décès domiciliés,143,155,147,153,159,152,188,192,222,196,63124,cournon-d-auvergne
Naissances domiciliées,193,194,180,178,216,171,199,177,179,140,63124,cournon-d-auvergne
Décès domiciliés,370,411,452,437,460,430,439,481,481,468,64024,anglet
Naissances domiciliées,306,284,299,317,307,309,310,325,296,310,64024,anglet
Décès domiciliés,475,455,467,513,528,465,513,526,587,532,64102,bayonne
Naissances domiciliées,578,550,558,504,510,520,526,506,497,488,64102,bayonne
Décès domiciliés,388,443,395,384,416,395,392,412,465,393,64122,biarritz
Naissances domiciliées,152,145,159,160,152,155,135,157,168,154,64122,biarritz
Décès domiciliés,852,812,883,843,814,835,854,842,884,901,64445,pau
Naissances domiciliées,892,888,839,771,743,753,850,718,738,674,64445,pau
Décès domiciliés,507,523,470,539,572,525,558,581,604,509,65440,tarbes
Naissances domiciliées,550,528,476,476,458,482,480,419,491,516,65440,tarbes
Décès domiciliés,1 205,1 399,1 333,1 308,1 440,1 348,1 423,1 413,1 518,1 370,66136,perpignan
Naissances domiciliées,1 645,1 604,1 598,1 535,1 550,1 557,1 461,1 543,1 452,1 417,66136,perpignan
Décès domiciliés,254,262,240,280,270,287,339,292,314,290,67180,haguenau
Naissances domiciliées,403,397,353,360,372,356,375,374,335,319,67180,haguenau
Décès domiciliés,185,214,201,229,217,199,258,243,222,239,67218,illkirch-graffenstaden
Naissances domiciliées,313,269,319,275,281,262,280,249,292,249,67218,illkirch-graffenstaden
Décès domiciliés,129,155,127,143,146,127,176,163,165,169,67267,lingolsheim
Naissances domiciliées,257,261,298,278,259,292,294,285,288,275,67267,lingolsheim
Décès domiciliés,273,254,240,289,296,288,346,253,344,281,67447,schiltigheim
Naissances domiciliées,513,517,492,480,483,488,499,438,439,442,67447,schiltigheim
Décès domiciliés,1 970,2 054,2 007,2 005,2 100,2 068,2 399,2 147,2 246,2 280,67482,strasbourg
Naissances domiciliées,4 147,3 908,3 987,3 932,3 800,3 854,3 620,3 518,3 275,3 230,67482,strasbourg
Décès domiciliés,604,665,634,594,657,611,760,678,704,694,68066,colmar
Naissances domiciliées,889,893,831,797,815,750,705,689,674,663,68066,colmar
Décès domiciliés,888,990,1 010,1 048,1 071,1 020,1 230,1 138,1 062,1 049,68224,mulhouse
Naissances domiciliées,1 909,1 875,1 782,1 809,1 735,1 671,1 634,1 456,1 421,1 321,68224,mulhouse
Décès domiciliés,148,138,132,158,155,181,193,151,178,167,68297,saint-louis
Naissances domiciliées,241,274,259,248,265,241,232,232,221,221,68297,saint-louis
Décès domiciliés,268,247,294,243,250,249,320,311,336,258,69029,bron
Naissances domiciliées,634,679,664,700,622,605,569,545,487,488,69029,bron
Décès domiciliés,357,376,352,357,350,382,442,355,362,354,69034,caluire-et-cuire
Naissances domiciliées,575,549,503,493,529,480,446,461,487,463,69034,caluire-et-cuire
Décès domiciliés,172,184,181,203,194,194,249,218,207,184,69091,givors
Naissances domiciliées,329,349,347,364,329,304,309,324,337,309,69091,givors
Décès domiciliés,3 284,3 524,3 540,3 517,3 409,3 416,4 105,3 532,3 637,3 328,69123,lyon
Naissances domiciliées,7 627,7 944,7 628,7 591,7 627,7 418,7 133,7 012,6 309,5 932,69123,lyon
Décès domiciliés,275,248,269,240,244,271,312,296,297,211,69149,oullins-pierre-benite
Naissances domiciliées,561,562,624,558,556,542,517,508,422,282,69149,oullins-pierre-benite
Décès domiciliés,182,211,191,189,193,216,237,211,228,204,69202,sainte-foy-les-lyon
Naissances domiciliées,239,230,213,209,200,200,210,210,189,148,69202,sainte-foy-les-lyon
Décès domiciliés,102,140,130,141,162,143,169,145,140,125,69204,saint-genis-laval
Naissances domiciliées,247,271,251,230,208,231,226,199,239,207,69204,saint-genis-laval
Décès domiciliés,133,118,127,151,158,153,173,156,173,138,69244,tassin-la-demi-lune
Naissances domiciliées,307,302,300,269,306,277,262,268,277,239,69244,tassin-la-demi-lune
Décès domiciliés,267,299,274,288,292,248,303,337,309,233,69256,vaulx-en-velin
Naissances domiciliées,1 067,1 101,998,996,980,976,896,839,788,786,69256,vaulx-en-velin
Décès domiciliés,370,375,394,417,394,419,464,476,439,405,69259,venissieux
Naissances domiciliées,1 354,1 327,1 310,1 392,1 346,1 341,1 241,1 122,1 155,1 025,69259,venissieux
Décès domiciliés,274,284,290,318,307,322,373,324,336,366,69264,villefranche-sur-saone
Naissances domiciliées,701,656,662,585,574,564,519,508,497,509,69264,villefranche-sur-saone
Décès domiciliés,840,971,848,866,911,909,1 092,1 043,911,935,69266,villeurbanne
Naissances domiciliées,2 761,2 661,2 575,2 445,2 477,2 449,2 352,2 344,2 217,2 289,69266,villeurbanne
Décès domiciliés,185,196,181,262,236,212,292,252,227,235,69275,decines-charpieu
Naissances domiciliées,506,466,495,474,426,412,417,377,371,314,69275,decines-charpieu
Décès domiciliés,208,229,206,235,211,223,293,249,260,241,69282,meyzieu
Naissances domiciliées,486,477,451,448,484,448,501,449,484,411,69282,meyzieu
Décès domiciliés,186,192,206,197,212,198,263,217,229,203,69286,rillieux-la-pape
Naissances domiciliées,486,481,513,452,478,457,463,474,434,403,69286,rillieux-la-pape
Décès domiciliés,262,294,290,298,317,306,364,331,338,311,69290,saint-priest
Naissances domiciliées,838,781,803,812,772,767,767,760,795,746,69290,saint-priest
Décès domiciliés,419,473,427,472,431,420,526,506,491,478,71076,chalon-sur-saone
Naissances domiciliées,609,631,513,564,588,546,534,540,528,472,71076,chalon-sur-saone
Décès domiciliés,351,376,341,389,340,401,406,382,335,354,71153,le-creusot
Naissances domiciliées,248,215,194,199,198,183,155,160,156,153,71153,le-creusot
Décès domiciliés,305,358,353,368,329,376,393,402,397,348,71270,macon
Naissances domiciliées,470,492,496,491,436,452,456,459,397,403,71270,macon
Décès domiciliés,1 368,1 401,1 319,1 456,1 425,1 435,1 490,1 453,1 592,1 465,72181,le-mans
Naissances domiciliées,1 955,1 875,1 787,1 764,1 705,1 807,1 709,1 722,1 752,1 629,72181,le-mans
Décès domiciliés,319,362,352,332,373,385,457,384,382,381,73008,aix-les-bains
Naissances domiciliées,329,339,312,313,331,306,315,321,316,264,73008,aix-les-bains
Décès domiciliés,482,570,517,511,543,569,667,523,577,543,73065,chambery
Naissances domiciliées,832,789,801,789,770,766,711,724,706,662,73065,chambery
Décès domiciliés,988,1 029,1 062,1 019,990,1 083,1 399,1 152,1 161,1 059,74010,annecy
Naissances domiciliées,1 587,1 657,1 606,1 532,1 562,1 559,1 580,1 590,1 449,1 153,74010,annecy
Décès domiciliés,216,206,204,198,191,184,219,204,210,209,74012,annemasse
Naissances domiciliées,646,636,608,625,638,666,600,556,560,576,74012,annemasse
Décès domiciliés,337,369,387,383,380,396,456,398,449,412,74281,thonon-les-bains
Naissances domiciliées,526,471,498,445,445,473,442,444,456,450,74281,thonon-les-bains
Décès domiciliés,13 487,13 997,14 056,14 226,13 888,13 805,16 351,14 628,14 753,13 888,75056,paris
Naissances domiciliées,29 134,28 267,28 384,27 419,27 367,27 373,26 157,25 810,23 785,21 775,75056,paris
Décès domiciliés,408,488,479,466,437,484,495,487,517,463,76217,dieppe
Naissances domiciliées,353,346,329,287,314,266,240,257,246,239,76217,dieppe
Décès domiciliés,229,222,256,250,278,268,272,281,262,272,76322,le-grand-quevilly
Naissances domiciliées,254,306,254,271,287,247,255,244,259,221,76322,le-grand-quevilly
Décès domiciliés,1 721,1 831,1 849,1 773,1 871,1 847,2 038,1 997,2 000,1 845,76351,le-havre
Naissances domiciliées,2 392,2 462,2 306,2 217,2 159,2 198,2 082,2 017,1 714,1 972,76351,le-havre
Décès domiciliés,175,200,189,185,187,197,211,179,200,180,76451,mont-saint-aignan
Naissances domiciliées,162,170,169,139,161,155,145,172,160,146,76451,mont-saint-aignan
Décès domiciliés,162,187,169,207,184,184,188,197,219,222,76498,le-petit-quevilly
Naissances domiciliées,367,400,391,404,377,354,300,355,337,320,76498,le-petit-quevilly
Décès domiciliés,838,848,851,854,917,892,930,888,927,903,76540,rouen
Naissances domiciliées,1 418,1 426,1 475,1 404,1 482,1 423,1 459,1 329,1 329,1 208,76540,rouen
Décès domiciliés,239,278,219,226,251,295,291,299,298,272,76575,saint-etienne-du-rouvray
Naissances domiciliées,475,425,414,431,412,411,354,378,379,307,76575,saint-etienne-du-rouvray
Décès domiciliés,321,376,336,354,381,359,406,345,398,385,76681,sotteville-les-rouen
Naissances domiciliées,433,383,382,395,337,417,356,330,365,365,76681,sotteville-les-rouen
Décès domiciliés,56,65,72,76,81,70,87,88,99,90,77058,bussy-saint-georges
Naissances domiciliées,461,474,404,396,410,417,361,411,406,351,77058,bussy-saint-georges
Décès domiciliés,95,100,103,98,122,120,123,145,113,103,77083,champs-sur-marne
Naissances domiciliées,380,376,381,345,342,359,311,307,327,333,77083,champs-sur-marne
Décès domiciliés,282,342,329,339,329,299,372,366,360,303,77108,chelles
Naissances domiciliées,931,880,888,904,912,932,855,833,772,772,77108,chelles
Décès domiciliés,119,131,117,146,137,130,178,149,155,147,77122,combs-la-ville
Naissances domiciliées,358,295,294,309,284,287,281,302,296,288,77122,combs-la-ville
Décès domiciliés,138,176,138,131,145,135,182,144,158,152,77152,dammarie-les-lys
Naissances domiciliées,421,427,425,383,368,390,392,391,375,393,77152,dammarie-les-lys
Décès domiciliés,117,120,138,121,117,137,156,144,151,117,77243,lagny-sur-marne
Naissances domiciliées,294,339,324,299,271,263,279,283,276,263,77243,lagny-sur-marne
Décès domiciliés,331,329,356,379,341,345,449,423,420,389,77284,meaux
Naissances domiciliées,1 018,1 039,1 018,965,978,947,953,873,887,897,77284,meaux
Décès domiciliés,141,148,141,123,139,138,160,151,141,132,77285,le-mee-sur-seine
Naissances domiciliées,384,342,351,324,344,370,368,325,312,293,77285,le-mee-sur-seine
Décès domiciliés,246,270,263,263,282,310,352,316,265,295,77288,melun
Naissances domiciliées,838,790,792,834,842,866,857,801,811,841,77288,melun
Décès domiciliés,123,127,126,119,113,128,131,133,145,137,77294,mitry-mory
Naissances domiciliées,292,318,292,279,299,288,265,271,248,229,77294,mitry-mory
Décès domiciliés,150,159,167,156,156,153,191,186,180,158,77305,montereau-fault-yonne
Naissances domiciliées,358,353,365,362,334,308,293,263,267,247,77305,montereau-fault-yonne
Décès domiciliés,110,106,96,96,99,112,111,115,118,108,77350,ozoir-la-ferriere
Naissances domiciliées,222,205,205,199,196,209,230,234,236,230,77350,ozoir-la-ferriere
Décès domiciliés,202,194,199,218,190,191,257,265,235,222,77373,pontault-combault
Naissances domiciliées,585,585,521,566,469,492,487,483,451,444,77373,pontault-combault
Décès domiciliés,102,107,106,133,147,123,172,136,150,155,77390,roissy-en-brie
Naissances domiciliées,349,310,303,317,296,309,282,295,289,327,77390,roissy-en-brie
Décès domiciliés,124,109,126,95,97,133,172,138,137,127,77445,savigny-le-temple
Naissances domiciliées,491,524,446,430,454,445,439,400,399,426,77445,savigny-le-temple
Décès domiciliés,117,82,104,84,110,89,138,145,107,132,77468,torcy
Naissances domiciliées,447,417,394,381,384,350,348,312,320,276,77468,torcy
Décès domiciliés,118,127,118,137,142,116,163,154,142,117,77514,villeparisis
Naissances domiciliées,491,483,513,444,412,442,440,408,420,412,77514,villeparisis
Décès domiciliés,81,102,78,85,73,98,109,112,105,112,78005,acheres
Naissances domiciliées,326,341,363,329,338,363,334,353,342,348,78005,acheres
Décès domiciliés,118,141,132,162,133,144,164,129,163,133,78126,la-celle-saint-cloud
Naissances domiciliées,248,230,220,234,208,209,207,215,211,176,78126,la-celle-saint-cloud
Décès domiciliés,182,225,212,198,214,191,231,229,264,212,78146,chatou
Naissances domiciliées,410,400,363,370,340,380,323,345,329,326,78146,chatou
Décès domiciliés,227,244,270,269,239,256,342,256,284,273,78158,le-chesnay-rocquencourt
Naissances domiciliées,322,305,291,275,252,274,301,286,262,225,78158,le-chesnay-rocquencourt
Décès domiciliés,286,265,293,268,276,263,378,325,315,291,78172,conflans-sainte-honorine
Naissances domiciliées,523,553,515,507,510,477,476,491,485,414,78172,conflans-sainte-honorine
Décès domiciliés,102,99,109,89,110,105,131,115,96,135,78208,elancourt
Naissances domiciliées,399,428,369,415,385,389,390,374,359,342,78208,elancourt
Décès domiciliés,78,85,98,91,81,102,107,103,117,114,78297,guyancourt
Naissances domiciliées,437,450,431,452,456,436,439,424,448,417,78297,guyancourt
Décès domiciliés,194,194,151,168,180,167,207,234,188,179,78311,houilles
Naissances domiciliées,508,508,473,438,482,433,460,486,500,443,78311,houilles
Décès domiciliés,185,201,191,182,225,208,239,187,187,195,78358,maisons-laffitte
Naissances domiciliées,276,251,297,287,259,290,247,287,247,233,78358,maisons-laffitte
Décès domiciliés,255,233,299,265,257,299,344,323,304,243,78361,mantes-la-jolie
Naissances domiciliées,967,933,903,809,807,780,733,653,667,648,78361,mantes-la-jolie
Décès domiciliés,119,159,116,135,154,122,160,131,150,123,78362,mantes-la-ville
Naissances domiciliées,398,357,395,371,425,366,394,385,357,384,78362,mantes-la-ville
Décès domiciliés,95,104,107,113,118,143,177,149,144,152,78423,montigny-le-bretonneux
Naissances domiciliées,498,482,415,406,379,400,350,351,347,370,78423,montigny-le-bretonneux
Décès domiciliés,145,131,162,169,153,184,227,183,192,163,78440,les-mureaux
Naissances domiciliées,653,643,615,669,608,629,593,601,565,547,78440,les-mureaux
Décès domiciliés,182,180,187,191,172,166,208,215,200,189,78490,plaisir
Naissances domiciliées,537,470,494,435,471,440,425,445,459,382,78490,plaisir
Décès domiciliés,280,279,272,252,241,281,342,280,292,300,78498,poissy
Naissances domiciliées,642,646,612,638,648,705,703,739,727,609,78498,poissy
Décès domiciliés,192,226,199,203,205,199,226,235,234,221,78517,rambouillet
Naissances domiciliées,275,288,286,305,330,311,299,284,280,262,78517,rambouillet
Décès domiciliés,96,89,97,108,96,103,115,118,117,100,78545,saint-cyr-l-ecole
Naissances domiciliées,328,297,318,270,334,326,322,323,350,370,78545,saint-cyr-l-ecole
Décès domiciliés,270,274,287,286,284,313,361,338,312,306,78551,saint-germain-en-laye
Naissances domiciliées,513,503,512,462,479,458,440,438,451,400,78551,saint-germain-en-laye
Décès domiciliés,330,342,359,354,373,337,401,380,350,353,78586,sartrouville
Naissances domiciliées,847,899,875,865,867,816,789,758,761,724,78586,sartrouville
Décès domiciliés,109,127,98,123,141,137,167,172,147,145,78621,trappes
Naissances domiciliées,703,682,650,675,663,632,597,600,567,572,78621,trappes
Décès domiciliés,131,148,151,112,134,131,158,146,135,151,78640,velizy-villacoublay
Naissances domiciliées,309,298,311,291,272,278,262,270,277,275,78640,velizy-villacoublay
Décès domiciliés,538,651,612,626,615,652,699,606,669,663,78646,versailles
Naissances domiciliées,1 158,1 155,1 113,1 034,1 099,1 069,1 080,1 039,985,936,78646,versailles
Décès domiciliés,540,570,572,604,590,558,666,637,668,639,79191,niort
Naissances domiciliées,566,594,560,558,621,633,580,520,508,523,79191,niort
Décès domiciliés,279,273,280,279,304,312,341,354,323,334,80001,abbeville
Naissances domiciliées,267,250,253,262,233,217,214,209,196,199,80001,abbeville
Décès domiciliés,968,1 048,1 082,1 046,1 049,1 126,1 210,1 075,1 204,1 085,80021,amiens
Naissances domiciliées,1 841,1 689,1 724,1 682,1 596,1 574,1 469,1 500,1 555,1 448,80021,amiens
Décès domiciliés,576,602,582,693,678,654,629,716,702,656,81004,albi
Naissances domiciliées,477,463,447,430,413,413,413,424,438,389,81004,albi
Décès domiciliés,449,460,417,502,481,439,450,503,562,454,81065,castres
Naissances domiciliées,433,439,433,451,395,410,387,392,398,355,81065,castres
Décès domiciliés,527,534,544,609,611,604,669,653,711,647,82121,montauban
Naissances domiciliées,716,756,735,730,703,704,614,656,657,633,82121,montauban
Décès domiciliés,350,372,348,364,366,368,403,427,478,437,83050,draguignan
Naissances domiciliées,553,503,510,472,447,428,407,451,468,433,83050,draguignan
Décès domiciliés,558,563,565,583,583,576,672,695,714,659,83061,frejus
Naissances domiciliées,648,648,564,587,578,564,580,563,550,560,83061,frejus
Décès domiciliés,252,246,267,301,280,268,260,302,309,287,83062,la-garde
Naissances domiciliées,220,235,234,245,211,241,208,242,224,195,83062,la-garde
Décès domiciliés,631,654,677,652,690,728,703,780,747,745,83069,hyeres
Naissances domiciliées,568,482,500,497,473,470,444,493,472,422,83069,hyeres
Décès domiciliés,494,555,547,552,533,566,559,622,614,588,83118,saint-raphael
Naissances domiciliées,280,258,278,261,237,256,261,268,224,230,83118,saint-raphael
Décès domiciliés,691,664,704,700,755,731,780,823,873,742,83126,la-seyne-sur-mer
Naissances domiciliées,840,797,830,751,765,724,665,723,717,635,83126,la-seyne-sur-mer
Décès domiciliés,425,408,438,453,428,453,500,518,554,488,83129,six-fours-les-plages
Naissances domiciliées,284,285,254,267,285,256,272,280,301,267,83129,six-fours-les-plages
Décès domiciliés,1 647,1 840,1 802,1 848,1 899,1 848,1 956,2 091,2 029,1 917,83137,toulon
Naissances domiciliées,2 137,2 077,2 037,2 057,1 983,2 162,2 044,1 945,1 977,1 906,83137,toulon
Décès domiciliés,226,291,264,295,261,266,307,341,349,301,83144,la-valette-du-var
Naissances domiciliées,225,251,248,210,224,246,257,244,256,232,83144,la-valette-du-var
Décès domiciliés,757,870,839,812,797,850,914,884,894,813,84007,avignon
Naissances domiciliées,1 613,1 528,1 507,1 434,1 431,1 360,1 295,1 208,1 212,1 157,84007,avignon
Décès domiciliés,262,314,311,288,315,312,358,332,319,332,84031,carpentras
Naissances domiciliées,449,416,421,379,410,415,374,392,366,362,84031,carpentras
Décès domiciliés,253,270,256,248,252,259,291,266,293,277,84035,cavaillon
Naissances domiciliées,446,381,376,374,373,378,335,332,332,304,84035,cavaillon
Décès domiciliés,255,293,296,286,311,314,330,305,311,320,84087,orange
Naissances domiciliées,423,418,392,374,360,356,356,336,315,299,84087,orange
Décès domiciliés,147,166,139,160,161,161,206,217,188,175,84089,pertuis
Naissances domiciliées,270,265,263,264,244,272,249,251,212,201,84089,pertuis
Décès domiciliés,202,215,208,222,227,266,248,301,297,322,85047,challans
Naissances domiciliées,161,163,135,168,125,149,126,144,143,139,85047,challans
Décès domiciliés,100,128,135,129,134,131,140,145,167,136,85146,montaigu-vendee
Naissances domiciliées,238,221,213,211,206,189,185,182,192,154,85146,montaigu-vendee
Décès domiciliés,454,459,515,462,517,492,496,524,601,559,85191,la-roche-sur-yon
Naissances domiciliées,537,523,503,514,494,517,549,508,511,504,85191,la-roche-sur-yon
Décès domiciliés,636,692,634,695,725,738,764,765,885,747,85194,les-sables-d-olonne
Naissances domiciliées,278,256,232,235,250,275,254,270,228,227,85194,les-sables-d-olonne
Décès domiciliés,369,412,371,408,396,413,386,457,463,400,86066,chatellerault
Naissances domiciliées,393,391,371,334,350,349,364,329,326,342,86066,chatellerault
Décès domiciliés,550,546,582,587,625,618,643,635,663,652,86194,poitiers
Naissances domiciliées,1 051,1 033,967,946,969,1 065,1 014,1 016,999,893,86194,poitiers
Décès domiciliés,1 205,1 324,1 213,1 228,1 288,1 309,1 336,1 318,1 357,1 283,87085,limoges
Naissances domiciliées,1 549,1 541,1 444,1 395,1 399,1 441,1 373,1 316,1 357,1 243,87085,limoges
Décès domiciliés,334,292,311,348,307,280,368,363,326,300,88160,epinal
Naissances domiciliées,394,365,406,328,349,344,329,313,292,330,88160,epinal
Décès domiciliés,380,432,405,385,433,436,427,440,435,452,89024,auxerre
Naissances domiciliées,441,440,407,377,386,384,370,338,353,339,89024,auxerre
Décès domiciliés,298,295,319,313,314,309,346,313,349,311,89387,sens
Naissances domiciliées,392,414,378,328,367,387,350,349,310,280,89387,sens
Décès domiciliés,356,413,389,383,385,406,457,427,450,389,90010,belfort
Naissances domiciliées,719,634,678,617,611,523,549,490,492,473,90010,belfort
Décès domiciliés,202,204,223,228,202,209,212,241,240,208,91027,athis-mons
Naissances domiciliées,558,634,619,663,662,598,585,605,592,578,91027,athis-mons
Décès domiciliés,146,126,131,125,134,126,143,175,170,150,91103,bretigny-sur-orge
Naissances domiciliées,496,447,454,442,436,448,441,440,434,400,91103,bretigny-sur-orge
Décès domiciliés,171,182,179,208,207,206,238,202,202,164,91114,brunoy
Naissances domiciliées,313,326,301,304,304,333,312,289,302,261,91114,brunoy
Décès domiciliés,257,307,260,284,278,273,321,332,319,272,91174,corbeil-essonnes
Naissances domiciliées,1 160,1 165,1 135,1 125,1 135,1 068,1 049,1 065,1 000,1 044,91174,corbeil-essonnes
Décès domiciliés,227,215,217,239,190,178,253,234,239,220,91201,draveil
Naissances domiciliées,345,383,343,363,341,333,351,349,328,315,91201,draveil
Décès domiciliés,150,143,191,194,175,156,229,204,218,195,91223,etampes
Naissances domiciliées,405,445,426,387,382,388,401,397,366,385,91223,etampes
Décès domiciliés,255,281,265,274,298,277,382,329,324,313,91228,evry-courcouronnes
Naissances domiciliées,1 364,1 371,1 259,1 375,1 332,1 292,1 273,1 218,1 197,1 181,91228,evry-courcouronnes
Décès domiciliés,87,118,119,104,126,100,123,128,142,132,91272,gif-sur-yvette
Naissances domiciliées,183,190,180,164,164,168,165,202,208,187,91272,gif-sur-yvette
Décès domiciliés,97,98,117,124,111,119,160,153,132,141,91286,grigny
Naissances domiciliées,692,673,653,618,586,572,556,508,482,488,91286,grigny
Décès domiciliés,113,128,128,134,125,131,160,178,138,160,91345,longjumeau
Naissances domiciliées,376,368,337,326,322,328,296,312,295,333,91345,longjumeau
Décès domiciliés,247,274,268,244,266,273,305,281,299,280,91377,massy
Naissances domiciliées,1 059,928,1 012,947,964,916,953,990,936,919,91377,massy
Décès domiciliés,185,224,210,198,190,198,245,230,214,207,91421,montgeron
Naissances domiciliées,314,334,321,328,298,331,274,291,286,274,91421,montgeron
Décès domiciliés,136,125,122,138,137,122,133,148,138,146,91434,morsang-sur-orge
Naissances domiciliées,299,323,278,331,277,292,293,300,287,275,91434,morsang-sur-orge
Décès domiciliés,160,172,164,181,173,182,222,194,179,195,91477,palaiseau
Naissances domiciliées,472,496,509,568,513,486,483,434,458,426,91477,palaiseau
Décès domiciliés,173,181,159,191,165,193,225,219,212,204,91521,ris-orangis
Naissances domiciliées,492,506,525,522,529,501,537,494,558,495,91521,ris-orangis
Décès domiciliés,259,248,267,278,224,271,302,237,267,286,91549,sainte-genevieve-des-bois
Naissances domiciliées,491,524,497,533,485,501,462,496,454,468,91549,sainte-genevieve-des-bois
Décès domiciliés,118,111,101,153,109,137,150,144,135,148,91570,saint-michel-sur-orge
Naissances domiciliées,326,308,276,291,313,308,296,310,308,317,91570,saint-michel-sur-orge
Décès domiciliés,266,234,261,264,255,272,292,241,268,239,91589,savigny-sur-orge
Naissances domiciliées,554,549,523,461,511,512,505,526,486,499,91589,savigny-sur-orge
Décès domiciliés,170,170,190,187,200,184,253,210,219,189,91657,vigneux-sur-seine
Naissances domiciliées,564,578,526,522,522,539,526,474,519,466,91657,vigneux-sur-seine
Décès domiciliés,188,211,197,219,186,214,252,225,251,211,91687,viry-chatillon
Naissances domiciliées,585,538,564,578,536,552,559,552,498,463,91687,viry-chatillon
Décès domiciliés,186,213,205,204,209,191,291,224,236,205,91691,yerres
Naissances domiciliées,411,387,341,324,320,362,356,328,347,297,91691,yerres
Décès domiciliés,99,76,111,85,94,113,124,119,147,128,91692,les-ulis
Naissances domiciliées,441,464,437,427,390,407,386,374,409,366,91692,les-ulis
Décès domiciliés,365,386,417,373,372,390,441,426,411,381,92002,antony
Naissances domiciliées,845,843,805,826,836,819,780,787,763,725,92002,antony
Décès domiciliés,427,513,480,484,498,508,587,519,500,480,92004,asnieres-sur-seine
Naissances domiciliées,1 708,1 593,1 650,1 519,1 547,1 580,1 550,1 448,1 412,1 403,92004,asnieres-sur-seine
Décès domiciliés,243,232,272,273,229,236,324,292,243,226,92007,bagneux
Naissances domiciliées,732,666,678,717,712,642,639,623,619,603,92007,bagneux
Décès domiciliés,172,198,163,175,169,202,208,188,194,168,92009,bois-colombes
Naissances domiciliées,379,431,379,368,381,382,384,374,326,314,92009,bois-colombes
Décès domiciliés,721,773,770,770,723,749,848,758,736,790,92012,boulogne-billancourt
Naissances domiciliées,1 776,1 789,1 702,1 630,1 608,1 519,1 386,1 407,1 350,1 227,92012,boulogne-billancourt
Décès domiciliés,147,134,140,129,135,125,160,161,139,129,92014,bourg-la-reine
Naissances domiciliées,246,226,266,240,232,229,237,237,223,203,92014,bourg-la-reine
Décès domiciliés,201,215,223,178,210,220,256,238,241,226,92019,chatenay-malabry
Naissances domiciliées,505,461,485,452,506,478,447,478,453,481,92019,chatenay-malabry
Décès domiciliés,219,227,247,202,208,232,283,243,283,266,92020,chatillon
Naissances domiciliées,526,537,569,527,507,503,498,471,452,441,92020,chatillon
Décès domiciliés,399,412,404,456,431,443,521,443,479,433,92023,clamart
Naissances domiciliées,724,670,679,656,678,569,609,728,691,690,92023,clamart
Décès domiciliés,318,289,365,314,303,277,392,347,364,343,92024,clichy
Naissances domiciliées,1 109,1 056,1 001,972,985,869,963,904,830,842,92024,clichy
Décès domiciliés,546,548,526,572,533,493,631,536,539,521,92025,colombes
Naissances domiciliées,1 475,1 433,1 394,1 379,1 386,1 365,1 322,1 334,1 267,1 270,92025,colombes
Décès domiciliés,422,444,461,478,489,463,562,451,504,478,92026,courbevoie
Naissances domiciliées,1 402,1 399,1 367,1 297,1 277,1 202,1 123,1 129,1 014,938,92026,courbevoie
Décès domiciliés,145,149,181,162,172,171,171,163,165,175,92032,fontenay-aux-roses
Naissances domiciliées,318,300,315,298,308,288,259,263,238,237,92032,fontenay-aux-roses
Décès domiciliés,133,159,157,169,154,162,214,203,169,163,92035,la-garenne-colombes
Naissances domiciliées,483,457,461,426,394,433,367,389,394,363,92035,la-garenne-colombes
Décès domiciliés,272,279,272,283,274,303,382,291,311,316,92036,gennevilliers
Naissances domiciliées,845,833,908,864,867,804,672,718,729,640,92036,gennevilliers
Décès domiciliés,346,390,349,411,348,328,397,388,373,351,92040,issy-les-moulineaux
Naissances domiciliées,1 143,1 128,1 052,1 002,957,971,905,792,817,774,92040,issy-les-moulineaux
Décès domiciliés,374,323,320,353,330,367,447,378,395,333,92044,levallois-perret
Naissances domiciliées,1 086,1 092,1 026,1 069,1 010,1 021,977,956,834,851,92044,levallois-perret
Décès domiciliés,167,192,165,165,193,171,178,203,181,212,92046,malakoff
Naissances domiciliées,387,402,371,351,346,361,343,355,316,314,92046,malakoff
Décès domiciliés,337,330,328,347,336,330,371,391,361,367,92048,meudon
Naissances domiciliées,577,593,556,551,531,507,519,491,508,461,92048,meudon
Décès domiciliés,278,299,282,296,296,307,346,308,285,266,92049,montrouge
Naissances domiciliées,769,704,764,721,690,595,618,620,573,482,92049,montrouge
Décès domiciliés,519,520,507,513,508,505,629,576,538,512,92050,nanterre
Naissances domiciliées,1 649,1 601,1 686,1 759,1 659,1 731,1 583,1 558,1 493,1 417,92050,nanterre
Décès domiciliés,546,532,526,576,520,559,627,532,583,496,92051,neuilly-sur-seine
Naissances domiciliées,670,697,633,631,664,619,644,627,611,607,92051,neuilly-sur-seine
Décès domiciliés,148,140,153,152,156,152,184,187,195,168,92060,le-plessis-robinson
Naissances domiciliées,412,383,404,363,381,329,348,323,338,309,92060,le-plessis-robinson
Décès domiciliés,242,231,243,216,235,222,267,280,275,246,92062,puteaux
Naissances domiciliées,746,725,711,702,714,724,685,714,620,626,92062,puteaux
Décès domiciliés,473,535,488,511,474,512,562,543,546,569,92063,rueil-malmaison
Naissances domiciliées,1 052,985,1 053,979,901,971,941,955,990,925,92063,rueil-malmaison
Décès domiciliés,196,219,218,205,225,221,262,223,231,228,92064,saint-cloud
Naissances domiciliées,358,355,387,343,354,347,344,326,322,313,92064,saint-cloud
Décès domiciliés,143,172,162,167,191,164,197,182,177,164,92071,sceaux
Naissances domiciliées,172,163,151,142,161,135,140,148,145,131,92071,sceaux
Décès domiciliés,137,143,171,182,193,159,208,143,172,189,92072,sevres
Naissances domiciliées,302,263,254,285,241,240,232,238,218,209,92072,sevres
Décès domiciliés,250,270,271,292,270,278,292,306,304,296,92073,suresnes
Naissances domiciliées,794,806,701,696,702,732,673,629,678,593,92073,suresnes
Décès domiciliés,147,194,201,189,183,199,247,182,228,206,92075,vanves
Naissances domiciliées,328,304,292,297,286,252,272,276,253,271,92075,vanves
Décès domiciliés,138,157,142,136,134,119,176,170,133,131,92078,villeneuve-la-garenne
Naissances domiciliées,442,446,459,409,444,409,378,376,373,347,92078,villeneuve-la-garenne
Décès domiciliés,377,414,423,433,415,425,549,471,487,431,93001,aubervilliers
Naissances domiciliées,1 563,1 555,1 611,1 568,1 570,1 567,1 458,1 270,1 285,1 182,93001,aubervilliers
Décès domiciliés,419,473,458,429,512,446,607,568,535,510,93005,aulnay-sous-bois
Naissances domiciliées,1 450,1 408,1 515,1 466,1 367,1 378,1 406,1 280,1 264,1 198,93005,aulnay-sous-bois
Décès domiciliés,249,259,232,217,238,242,297,278,228,259,93006,bagnolet
Naissances domiciliées,575,557,604,512,510,551,577,577,558,509,93006,bagnolet
Décès domiciliés,286,292,276,305,307,296,368,352,327,309,93007,le-blanc-mesnil
Naissances domiciliées,1 079,1 072,1 137,1 028,1 045,1 063,1 022,952,1 028,1 079,93007,le-blanc-mesnil
Décès domiciliés,255,268,276,271,282,311,403,343,317,286,93008,bobigny
Naissances domiciliées,1 027,980,1 005,961,917,993,877,853,848,806,93008,bobigny
Décès domiciliés,291,345,339,363,328,324,445,342,363,331,93010,bondy
Naissances domiciliées,1 012,1 053,1 030,1 003,1 074,1 044,1 047,898,920,914,93010,bondy
Décès domiciliés,108,113,108,101,95,106,129,135,120,117,93014,clichy-sous-bois
Naissances domiciliées,699,691,636,614,581,539,479,462,465,409,93014,clichy-sous-bois
Décès domiciliés,177,182,208,192,208,184,249,231,201,216,93027,la-courneuve
Naissances domiciliées,850,872,813,753,787,778,729,688,647,636,93027,la-courneuve
Décès domiciliés,429,463,427,434,425,440,565,518,457,477,93029,drancy
Naissances domiciliées,1 407,1 340,1 272,1 366,1 349,1 274,1 249,1 189,1 173,1 158,93029,drancy
Décès domiciliés,260,285,259,290,290,283,366,323,307,258,93031,epinay-sur-seine
Naissances domiciliées,1 041,1 046,1 023,1 000,999,970,961,863,838,757,93031,epinay-sur-seine
Décès domiciliés,248,252,251,246,241,253,286,284,295,270,93032,gagny
Naissances domiciliées,709,649,639,650,585,641,580,596,637,682,93032,gagny
Décès domiciliés,126,150,127,141,175,161,209,174,181,157,93045,les-lilas
Naissances domiciliées,341,334,339,320,313,318,288,265,281,261,93045,les-lilas
Décès domiciliés,292,332,285,312,296,294,355,336,339,299,93046,livry-gargan
Naissances domiciliées,791,804,817,817,863,804,847,812,847,863,93046,livry-gargan
Décès domiciliés,190,166,172,167,184,160,149,226,213,173,93047,montfermeil
Naissances domiciliées,469,445,486,412,437,401,445,427,410,434,93047,montfermeil
Décès domiciliés,544,610,549,656,662,614,753,721,678,620,93048,montreuil
Naissances domiciliées,1 844,1 867,1 817,1 778,1 933,1 830,1 760,1 644,1 574,1 530,93048,montreuil
Décès domiciliés,122,144,137,128,158,132,177,161,140,146,93049,neuilly-plaisance
Naissances domiciliées,318,287,292,262,285,264,298,254,262,259,93049,neuilly-plaisance
Décès domiciliés,177,147,213,185,168,187,208,195,217,181,93050,neuilly-sur-marne
Naissances domiciliées,632,647,621,565,582,561,575,602,668,567,93050,neuilly-sur-marne
Décès domiciliés,304,314,294,334,317,338,400,385,383,372,93051,noisy-le-grand
Naissances domiciliées,1 062,1 092,1 135,1 172,1 112,1 165,1 089,1 082,1 173,1 095,93051,noisy-le-grand
Décès domiciliés,193,223,227,228,235,244,267,267,247,208,93053,noisy-le-sec
Naissances domiciliées,773,821,760,787,779,755,762,686,728,732,93053,noisy-le-sec
Décès domiciliés,339,354,327,340,303,320,378,366,337,294,93055,pantin
Naissances domiciliées,1 057,1 070,1 054,1 045,1 008,975,932,841,865,848,93055,pantin
Décès domiciliés,161,159,168,149,151,182,169,161,143,161,93057,les-pavillons-sous-bois
Naissances domiciliées,410,475,454,470,470,452,438,474,451,410,93057,les-pavillons-sous-bois
Décès domiciliés,131,136,143,139,152,149,193,181,192,145,93059,pierrefitte-sur-seine
Naissances domiciliées,610,617,640,601,614,583,557,517,515,460,93059,pierrefitte-sur-seine
Décès domiciliés,131,144,164,150,154,173,193,202,187,166,93063,romainville
Naissances domiciliées,498,484,450,507,531,556,576,574,560,560,93063,romainville
Décès domiciliés,248,266,259,277,244,271,328,285,275,250,93064,rosny-sous-bois
Naissances domiciliées,869,840,856,920,882,919,880,882,819,841,93064,rosny-sous-bois
Décès domiciliés,479,536,511,548,541,525,698,630,624,562,93066,saint-denis
Naissances domiciliées,2 402,2 351,2 183,2 318,2 134,2 113,2 041,1 929,1 889,1 763,93066,saint-denis
Décès domiciliés,258,272,249,262,280,255,323,288,265,264,93070,saint-ouen-sur-seine
Naissances domiciliées,887,899,950,977,980,957,907,837,871,815,93070,saint-ouen-sur-seine
Décès domiciliés,241,241,235,239,275,268,320,326,286,273,93071,sevran
Naissances domiciliées,991,925,913,967,973,922,874,867,898,756,93071,sevran
Décès domiciliés,192,210,218,202,205,204,291,274,248,235,93072,stains
Naissances domiciliées,691,735,681,716,747,691,710,627,622,561,93072,stains
Décès domiciliés,213,247,216,231,238,207,301,254,259,248,93073,tremblay-en-france
Naissances domiciliées,566,605,560,571,587,608,593,591,555,543,93073,tremblay-en-france
Décès domiciliés,174,196,200,171,175,206,216,213,174,200,93077,villemomble
Naissances domiciliées,475,469,455,485,474,460,457,475,411,468,93077,villemomble
Décès domiciliés,142,177,163,148,162,177,212,173,184,196,93078,villepinte
Naissances domiciliées,665,647,667,646,637,730,630,667,680,716,93078,villepinte
Décès domiciliés,277,251,257,229,263,280,290,275,281,259,94002,alfortville
Naissances domiciliées,788,752,723,761,730,732,697,652,667,570,94002,alfortville
Décès domiciliés,118,131,125,135,117,118,162,118,135,131,94003,arcueil
Naissances domiciliées,315,321,309,313,307,304,266,301,296,284,94003,arcueil
Décès domiciliés,242,272,252,260,247,253,324,224,208,208,94016,cachan
Naissances domiciliées,444,401,399,400,361,383,399,366,364,351,94016,cachan
Décès domiciliés,435,457,440,468,474,457,518,478,484,461,94017,champigny-sur-marne
Naissances domiciliées,1 273,1 278,1 283,1 203,1 164,1 087,1 163,1 102,1 143,1 113,94017,champigny-sur-marne
Décès domiciliés,161,188,162,152,180,181,215,185,184,189,94018,charenton-le-pont
Naissances domiciliées,505,482,442,463,436,445,387,408,380,397,94018,charenton-le-pont
Décès domiciliés,98,115,135,112,131,111,154,156,132,124,94021,chevilly-larue
Naissances domiciliées,304,281,294,278,268,271,232,252,260,239,94021,chevilly-larue
Décès domiciliés,204,258,258,224,232,268,305,274,283,247,94022,choisy-le-roi
Naissances domiciliées,819,876,837,850,842,806,809,752,681,659,94022,choisy-le-roi
Décès domiciliés,440,460,446,432,483,519,610,575,538,518,94028,creteil
Naissances domiciliées,1 606,1 531,1 495,1 470,1 435,1 521,1 491,1 408,1 297,1 218,94028,creteil
Décès domiciliés,312,347,322,332,357,381,423,357,346,316,94033,fontenay-sous-bois
Naissances domiciliées,800,707,679,631,656,665,602,645,574,531,94033,fontenay-sous-bois
Décès domiciliés,146,181,131,164,169,136,173,140,148,167,94034,fresnes
Naissances domiciliées,445,432,431,442,410,441,405,408,396,394,94034,fresnes
Décès domiciliés,219,207,215,185,232,218,250,274,241,221,94038,l-hay-les-roses
Naissances domiciliées,447,478,424,430,454,436,431,375,375,380,94038,l-hay-les-roses
Décès domiciliés,320,394,376,365,372,356,438,414,354,330,94041,ivry-sur-seine
Naissances domiciliées,969,960,916,1 024,1 016,998,861,847,789,812,94041,ivry-sur-seine
Décès domiciliés,117,119,109,126,144,125,120,136,143,130,94042,joinville-le-pont
Naissances domiciliées,292,262,253,264,255,245,269,255,222,195,94042,joinville-le-pont
Décès domiciliés,150,147,127,143,136,120,196,137,138,138,94043,le-kremlin-bicetre
Naissances domiciliées,407,370,368,364,324,346,343,314,303,288,94043,le-kremlin-bicetre
Décès domiciliés,106,128,151,139,134,137,160,127,138,130,94044,limeil-brevannes
Naissances domiciliées,532,574,631,587,522,545,507,523,479,431,94044,limeil-brevannes
Décès domiciliés,347,314,311,328,369,354,396,384,374,344,94046,maisons-alfort
Naissances domiciliées,846,818,787,781,810,742,751,802,733,676,94046,maisons-alfort
Décès domiciliés,184,226,243,229,214,201,276,237,214,227,94052,nogent-sur-marne
Naissances domiciliées,497,528,442,433,398,481,420,406,425,366,94052,nogent-sur-marne
Décès domiciliés,146,137,142,147,154,146,169,171,155,153,94054,orly
Naissances domiciliées,390,415,448,423,451,438,365,389,315,294,94054,orly
Décès domiciliés,227,207,207,231,229,218,271,232,252,223,94058,le-perreux-sur-marne
Naissances domiciliées,494,465,413,450,409,415,390,434,409,390,94058,le-perreux-sur-marne
Décès domiciliés,79,105,104,87,114,125,99,135,110,99,94059,le-plessis-trevise
Naissances domiciliées,286,279,266,259,260,266,256,237,258,241,94059,le-plessis-trevise
Décès domiciliés,132,179,165,174,152,150,191,147,158,149,94067,saint-mande
Naissances domiciliées,338,300,320,315,293,285,309,312,273,266,94067,saint-mande
Décès domiciliés,533,610,561,600,633,580,677,602,647,590,94068,saint-maur-des-fosses
Naissances domiciliées,897,835,817,820,800,790,724,771,823,743,94068,saint-maur-des-fosses
Décès domiciliés,181,166,193,196,188,198,217,200,214,212,94071,sucy-en-brie
Naissances domiciliées,298,318,289,307,292,283,315,304,278,291,94071,sucy-en-brie
Décès domiciliés,177,196,178,168,190,188,236,214,199,172,94073,thiais
Naissances domiciliées,443,440,419,423,465,448,472,475,512,495,94073,thiais
Décès domiciliés,312,334,360,361,357,382,434,395,328,327,94076,villejuif
Naissances domiciliées,949,812,849,796,841,828,776,798,772,728,94076,villejuif
Décès domiciliés,118,120,129,132,140,123,166,149,122,148,94077,villeneuve-le-roi
Naissances domiciliées,292,339,345,335,357,299,355,316,296,271,94077,villeneuve-le-roi
Décès domiciliés,181,216,173,182,196,215,228,199,193,167,94078,villeneuve-saint-georges
Naissances domiciliées,678,706,721,726,776,691,656,596,624,572,94078,villeneuve-saint-georges
Décès domiciliés,166,178,185,169,185,197,203,204,194,191,94079,villiers-sur-marne
Naissances domiciliées,434,437,447,445,451,542,501,555,552,544,94079,villiers-sur-marne
Décès domiciliés,277,300,296,306,327,277,315,284,290,288,94080,vincennes
Naissances domiciliées,771,697,669,720,650,634,630,547,530,528,94080,vincennes
Décès domiciliés,465,514,526,542,524,527,686,623,569,484,94081,vitry-sur-seine
Naissances domiciliées,1 549,1 530,1 587,1 513,1 512,1 508,1 366,1 316,1 272,1 144,94081,vitry-sur-seine
Décès domiciliés,595,617,611,628,623,598,748,754,695,660,95018,argenteuil
Naissances domiciliées,2 310,2 311,2 214,2 118,2 156,2 141,1 953,1 802,1 764,1 700,95018,argenteuil
Décès domiciliés,148,169,161,138,148,172,204,187,163,172,95063,bezons
Naissances domiciliées,556,540,557,584,614,626,560,591,635,673,95063,bezons
Décès domiciliés,202,190,203,197,228,236,292,297,272,248,95127,cergy
Naissances domiciliées,1 395,1 320,1 463,1 407,1 391,1 375,1 388,1 316,1 237,1 252,95127,cergy
Décès domiciliés,174,186,177,188,170,191,226,187,210,232,95176,cormeilles-en-parisis
Naissances domiciliées,315,314,331,330,344,373,376,407,375,346,95176,cormeilles-en-parisis
Décès domiciliés,127,127,136,119,123,107,169,142,138,139,95197,deuil-la-barre
Naissances domiciliées,351,370,371,376,379,364,329,369,369,350,95197,deuil-la-barre
Décès domiciliés,197,237,212,236,232,236,252,228,224,209,95203,eaubonne
Naissances domiciliées,352,340,372,361,411,355,373,369,358,351,95203,eaubonne
Décès domiciliés,188,198,166,229,199,192,220,238,191,188,95219,ermont
Naissances domiciliées,456,499,483,434,454,450,450,448,442,388,95219,ermont
Décès domiciliés,209,192,204,251,224,234,292,265,261,221,95252,franconville
Naissances domiciliées,592,608,618,645,635,639,623,677,640,631,95252,franconville
Décès domiciliés,180,165,181,195,154,184,229,222,196,187,95268,garges-les-gonesse
Naissances domiciliées,886,830,817,776,782,743,730,670,644,594,95268,garges-les-gonesse
Décès domiciliés,178,180,186,187,158,200,257,180,198,183,95277,gonesse
Naissances domiciliées,502,490,543,559,547,509,534,504,541,513,95277,gonesse
Décès domiciliés,150,129,162,176,163,183,231,192,218,146,95280,goussainville
Naissances domiciliées,567,615,570,589,556,596,559,579,539,543,95280,goussainville
Décès domiciliés,148,158,173,157,159,175,198,189,169,185,95306,herblay-sur-seine
Naissances domiciliées,375,403,444,461,417,487,451,459,471,398,95306,herblay-sur-seine
Décès domiciliés,90,113,104,110,88,105,133,120,113,131,95424,montigny-les-cormeilles
Naissances domiciliées,373,392,355,390,366,361,374,357,400,322,95424,montigny-les-cormeilles
Décès domiciliés,182,202,228,230,224,239,273,205,226,203,95428,montmorency
Naissances domiciliées,274,281,283,282,295,253,281,276,246,243,95428,montmorency
Décès domiciliés,220,173,221,193,201,184,225,174,190,181,95500,pontoise
Naissances domiciliées,557,533,538,504,523,553,553,528,529,459,95500,pontoise
Décès domiciliés,156,163,156,171,160,135,196,184,183,178,95555,saint-gratien
Naissances domiciliées,267,323,257,301,267,282,272,314,315,283,95555,saint-gratien
Décès domiciliés,113,127,119,137,124,138,160,123,142,143,95572,saint-ouen-l-aumone
Naissances domiciliées,435,478,454,410,427,497,445,435,435,393,95572,saint-ouen-l-aumone
Décès domiciliés,143,154,149,157,159,130,154,184,155,158,95582,sannois
Naissances domiciliées,432,365,366,393,370,420,414,408,403,419,95582,sannois
Décès domiciliés,328,372,355,347,348,370,505,362,397,338,95585,sarcelles
Naissances domiciliées,1 178,1 141,1 176,1 150,1 126,1 102,993,999,1 042,964,95585,sarcelles
Décès domiciliés,162,170,183,193,153,205,230,223,212,204,95607,taverny
Naissances domiciliées,355,352,357,346,333,348,324,376,342,334,95607,taverny
Décès domiciliés,120,138,145,133,156,159,195,173,158,162,95680,villiers-le-bel
Naissances domiciliées,624,644,586,648,614,622,608,577,523,507,95680,villiers-le-bel
Décès domiciliés,448,408,450,413,465,510,525,674,593,528,97101,les-abymes
Naissances domiciliées,798,733,717,713,689,824,849,767,742,708,97101,les-abymes
Décès domiciliés,150,131,115,152,136,147,166,244,191,197,97103,baie-mahault
Naissances domiciliées,394,394,393,309,362,354,334,325,339,326,97103,baie-mahault
Décès domiciliés,209,185,197,188,203,229,215,288,282,240,97113,le-gosier
Naissances domiciliées,453,386,381,365,324,359,349,352,305,341,97113,le-gosier
Décès domiciliés,202,171,191,216,216,212,204,276,248,224,97117,le-moule
Naissances domiciliées,284,249,253,240,241,247,240,251,237,216,97117,le-moule
Décès domiciliés,161,137,174,160,151,155,201,218,207,210,97118,petit-bourg
Naissances domiciliées,322,307,306,289,268,313,307,297,272,264,97118,petit-bourg
Décès domiciliés,198,162,172,167,191,204,234,271,251,242,97128,sainte-anne
Naissances domiciliées,267,250,261,241,239,281,288,217,264,232,97128,sainte-anne
Décès domiciliés,830,764,766,829,826,897,876,1 147,1 025,870,97209,fort-de-france
Naissances domiciliées,990,966,920,878,891,935,931,894,917,827,97209,fort-de-france
Décès domiciliés,258,246,262,241,298,311,288,397,376,331,97213,le-lamentin
Naissances domiciliées,516,491,487,426,468,453,411,441,426,381,97213,le-lamentin
Décès domiciliés,178,140,172,156,167,171,174,241,227,206,97222,le-robert
Naissances domiciliées,296,237,248,230,253,220,223,212,206,196,97222,le-robert
Décès domiciliés,302,312,319,335,284,375,342,435,397,366,97302,cayenne
Naissances domiciliées,1 520,1 642,1 845,2 040,1 942,1 817,1 782,1 661,1 540,1 473,97302,cayenne
Décès domiciliés,67,67,72,85,80,73,77,108,119,94,97304,kourou
Naissances domiciliées,613,618,649,683,667,675,718,644,622,616,97304,kourou
Décès domiciliés,84,90,107,111,113,115,147,195,166,166,97307,matoury
Naissances domiciliées,684,705,802,941,914,956,863,858,823,759,97307,matoury
Décès domiciliés,73,67,65,82,81,88,82,111,116,87,97309,remire-montjoly
Naissances domiciliées,340,398,434,398,457,405,413,399,381,373,97309,remire-montjoly
Décès domiciliés,119,132,143,154,140,157,157,217,195,218,97311,saint-laurent-du-maroni
Naissances domiciliées,1 785,1 812,1 927,2 164,2 169,2 376,2 322,2 590,2 498,2 568,97311,saint-laurent-du-maroni
Décès domiciliés,188,211,177,196,187,187,212,270,263,227,97407,le-port
Naissances domiciliées,628,614,606,569,586,529,537,534,536,527,97407,le-port
Décès domiciliés,129,115,111,114,141,118,140,161,193,154,97408,la-possession
Naissances domiciliées,541,598,606,580,579,637,609,657,610,517,97408,la-possession
Décès domiciliés,263,280,282,295,292,308,321,382,389,338,97409,saint-andre
Naissances domiciliées,1 053,1 054,1 061,1 047,996,991,1 014,975,947,1 009,97409,saint-andre
Décès domiciliés,194,222,217,201,229,234,231,263,255,246,97410,saint-benoit
Naissances domiciliées,695,731,674,696,682,664,674,725,713,702,97410,saint-benoit
Décès domiciliés,755,792,812,791,858,954,880,974,1 179,1 013,97411,saint-denis
Naissances domiciliées,2 384,2 433,2 353,2 372,2 435,2 326,2 314,2 302,2 321,2 324,97411,saint-denis
Décès domiciliés,241,234,261,268,279,283,274,312,322,290,97412,saint-joseph
Naissances domiciliées,580,618,559,536,534,496,492,531,566,537,97412,saint-joseph
Décès domiciliés,169,183,172,166,192,198,193,238,279,173,97413,saint-leu
Naissances domiciliées,544,556,550,553,554,514,522,568,492,495,97413,saint-leu
Décès domiciliés,291,281,321,335,356,325,333,353,407,375,97414,saint-louis
Naissances domiciliées,995,971,1 033,958,968,979,959,953,971,894,97414,saint-louis
Décès domiciliés,483,500,572,518,571,563,595,702,717,648,97415,saint-paul
Naissances domiciliées,1 568,1 481,1 419,1 497,1 402,1 449,1 465,1 467,1 453,1 408,97415,saint-paul
Décès domiciliés,448,476,478,519,536,523,581,586,712,564,97416,saint-pierre
Naissances domiciliées,1 418,1 304,1 343,1 349,1 245,1 252,1 200,1 274,1 156,1 205,97416,saint-pierre
Décès domiciliés,124,136,132,144,169,162,164,195,226,194,97418,sainte-marie
Naissances domiciliées,607,580,594,609,536,574,577,579,559,586,97418,sainte-marie
Décès domiciliés,116,100,119,127,100,123,135,152,154,116,97420,sainte-suzanne
Naissances domiciliées,359,358,373,380,356,351,335,397,402,393,97420,sainte-suzanne
Décès domiciliés,386,420,450,419,453,465,453,511,550,529,97422,le-tampon
Naissances domiciliées,1 304,1 339,1 235,1 181,1 213,1 102,1 197,1 236,1 173,1 067,97422,le-tampon
Décès domiciliés,51,58,73,86,96,105,96,115,104,104,97610,koungou
Naissances domiciliées,899,1 100,1 204,1 323,1 304,1 382,1 207,1 431,1 439,1 434,97610,koungou
Décès domiciliés,152,168,203,190,209,197,285,318,276,300,97611,mamoudzou
Naissances domiciliées,2 191,2 705,2 827,3 021,3 004,3 088,2 775,3 396,3 301,3 206,97611,mamoudzou
