1968,1975,1982,1990,1999,2010,2015,2021,code_insee,Ville
37887,42181,41098,40972,40666,40088,40819,41525,01053,bourg-en-bresse
20265,23026,22739,23869,24162,22650,22392,22277,01283,oyonnax
26312,27901,26676,26486,26265,25986,25358,24021,02408,laon
64196,67243,63567,60644,59066,55978,55649,52958,02691,saint-quentin
25890,30009,30213,29829,29453,28646,28410,28705,02722,soissons
57871,56468,49912,44248,41362,38402,36946,33342,03185,montlucon
33506,32117,30527,27714,26528,24774,25068,25789,03310,vichy
16281,19126,18760,19107,19603,22105,21754,22926,04112,manosque
24571,28233,30676,33444,36262,39744,40776,40500,05061,gap
47547,55960,62859,70005,72412,74120,74875,75130,06004,antibes
22110,29538,35214,40902,43942,47141,49322,52580,06027,cagnes-sur-mer
67187,70527,72259,68676,67304,73234,74285,73255,06029,cannes
23231,33892,37411,41842,42158,42320,41571,41597,06030,le-cannet
30907,34579,37673,41388,43874,51036,50937,48323,06069,grasse
6124,9535,14283,16493,17870,22203,22360,21561,06079,mandelieu-la-napoule
25054,25143,25086,29141,28812,28858,28231,30412,06083,menton
322442,344481,337085,342439,342738,343304,342522,348085,06088,nice
10156,15503,20678,24426,27141,29963,28919,30941,06123,saint-laurent-du-var
12880,17182,21205,24325,25773,28252,25966,28025,06155,vallauris
55545,60176,58667,57008,55490,49810,47847,46398,08105,charleville-mezieres
74896,72165,63579,59255,60958,60280,60928,62782,10387,troyes
43616,42154,41153,43470,43950,47419,45996,46218,11069,carcassonne
38441,39342,41565,45849,46510,51039,53462,56395,11262,narbonne
22595,21907,21695,21788,21339,21887,22234,21712,12145,millau
23328,25550,24368,24701,23707,23917,23949,24207,12202,rodez
89566,110659,121327,123842,134222,141438,142668,147478,13001,aix-en-provence
10013,11149,13519,16092,18907,19521,21332,21490,13002,allauch
45774,50059,50500,52058,50513,52661,52886,50415,13004,arles
27938,33595,38561,41100,42638,46423,45410,47342,13005,aubagne
23916,32721,31727,30620,31630,33829,35580,36987,13028,la-ciotat
12601,14120,15122,17864,19344,20474,19749,21174,13041,gardanne
13404,18129,28561,35163,38993,42544,43086,44577,13047,istres
20044,26477,31109,32325,34006,34485,33929,33003,13054,marignane
889029,908600,874436,800550,798430,850726,861635,873076,13055,marseille
27945,38373,42037,42678,43493,47544,49403,48568,13056,martigues
10544,15585,20414,21602,22526,25368,25639,26405,13063,miramas
10146,14839,15691,18599,19043,19482,21387,22161,13071,les-pennes-mirabeau
30722,34576,34846,34054,37129,43152,44836,44731,13103,salon-de-provence
5050,13413,22725,35397,36784,35021,34089,35532,13117,vitrolles
110262,119640,114068,112846,113987,108954,106260,108200,14118,caen
9041,23712,24298,24795,24025,21434,22460,22227,14327,herouville-saint-clair
28226,30863,30963,30773,30551,27924,25875,25815,15014,aurillac
47822,47221,46197,42876,43171,41613,42081,41086,16015,angouleme
29226,28155,26167,25561,25797,25140,24045,23092,17299,rochefort
73362,79757,75840,71094,76584,75170,75404,78535,17300,la-rochelle
26507,26891,25471,25874,25595,26011,25288,25518,17415,saintes
70814,77300,76432,75609,72480,66381,66071,63702,18033,bourges
33775,35699,34209,32235,29719,26946,26919,25348,18279,vierzon
46530,51828,51511,49765,49141,48949,47349,46599,19031,brive-la-gaillarde
16874,19060,20207,21289,21923,22394,21661,20032,21054,beaune
145357,151705,140942,146703,149867,151212,155114,159346,21231,dijon
12535,16867,16641,16958,18368,20079,19827,20344,22113,lannion
50281,52559,48563,44752,46087,46209,45105,44224,22278,saint-brieuc
27165,27764,26832,26899,26053,27648,27419,26323,24037,bergerac
37450,35120,32916,30280,30193,29573,29829,29516,24322,perigueux
113220,120315,113283,113828,117733,116914,116676,119198,25056,besancon
23908,30425,31836,29005,27570,25875,25336,25573,25388,montbeliard
26748,28058,29161,29982,31344,35314,38397,40399,26198,montelimar
31545,33030,33152,32734,32667,33536,33465,32911,26281,romans-sur-isere
62358,68604,66356,63437,64260,63405,62479,64483,26362,valence
42550,47412,46045,49103,51198,50537,49426,47289,27229,evreux
18872,22422,22243,23659,24056,25147,23797,24543,27681,vernon
34469,38928,37119,39595,40361,38931,38875,38447,28085,chartres
29409,33102,33379,35230,31849,31031,30836,30879,28134,dreux
154023,166826,156060,147956,149634,141303,139163,139619,29019,brest
17801,18759,17984,18630,19453,19048,19182,20607,29039,concarneau
52496,55977,56907,59437,63238,63550,63508,63642,29232,quimper
43438,49065,54089,58949,52880,65542,68462,73822,2A004,ajaccio
38746,42810,44020,37845,37884,43008,44355,48768,2B033,bastia
42818,44245,43268,41037,39346,41205,39535,43892,30007,ales
123292,127933,124220,128471,133424,142205,150672,148104,30189,nimes
8417,11651,14929,17209,20586,21710,23759,26466,31069,blagnac
10584,20126,23326,26979,28538,35186,38801,40159,31149,colomiers
5228,9516,9461,11311,12997,15807,17600,20341,31157,cugnaux
13039,14778,15844,18134,20735,23864,25264,25060,31395,muret
370796,373796,347995,358688,390350,441802,471941,504078,31555,toulouse
3438,5291,8541,16669,22758,25340,26477,29439,31557,tournefeuille
21462,23185,23258,23136,21838,21576,21943,23041,32013,auch
27330,25680,23318,22604,22475,24913,27197,30813,33039,begles
266662,223131,208159,210336,215363,239157,249712,261804,33063,bordeaux
22550,21126,20906,21538,22455,23095,23715,24339,33069,le-bouscat
6612,7610,7686,8753,10610,14903,18176,20215,33075,bruges
17713,24769,23520,21363,21283,22242,24547,26778,33119,cenon
8026,12719,14760,16391,18407,19571,22864,24374,33162,eysines
10402,18691,21441,21727,22193,23063,25241,25835,33192,gradignan
6687,7613,8600,11433,14958,19305,20817,22399,33199,gujan-mestras
22123,21651,22119,21012,21761,23624,24866,24557,33243,libourne
10774,18719,20910,21591,21343,19799,22131,23291,33249,lormont
45951,50652,51306,57273,61992,66142,70127,75729,33281,merignac
36986,51360,50267,51055,56143,58025,61332,66760,33318,pessac
8955,16265,18665,22064,25566,27719,30547,32538,33449,saint-medard-en-jalles
29161,34127,34692,34485,37210,40600,42171,45225,33522,talence
15064,15831,18038,20331,22970,24591,26110,26556,33529,la-teste-de-buch
21263,22975,21073,25609,27500,28420,31620,40500,33550,villenave-d-ornon
10184,11605,13107,17583,19988,24567,26946,29103,34003,agde
80481,84029,76647,70996,69153,70955,75999,80341,34032,beziers
8169,9339,9884,11043,14214,14948,19504,24888,34057,castelnau-le-lez
11141,12238,14951,16245,19145,22526,22771,23808,34108,frontignan
10735,13452,15648,18404,22352,25277,25178,26185,34145,lunel
161910,191354,197231,207996,225392,257351,277639,302454,34172,montpellier
40476,39258,39545,41510,39542,42774,43620,44712,34301,sete
26045,26610,24362,22239,21779,19779,20235,20653,35115,fougeres
180943,198305,194656,197536,206229,207178,215366,225081,35238,rennes
42297,45030,46347,48057,50675,46342,45719,47323,35288,saint-malo
49138,53429,51942,50969,49632,46140,43732,42968,36044,chateauroux
17826,27450,34704,36798,36517,35976,37535,38183,37122,joue-les-tours
128120,140686,132209,129509,132820,134817,136252,137658,37261,tours
19941,21971,22550,22392,22947,26173,27502,29577,38053,bourgoin-jallieu
15429,33288,37360,34435,32806,35748,35648,36849,38151,echirolles
22236,25036,22827,22853,23323,22243,22516,22891,38169,fontaine
161616,166037,156637,150758,153317,155637,160649,157477,38185,grenoble
33605,38052,35188,34341,35777,36177,38479,38454,38421,saint-martin-d-heres
29057,27830,28294,29449,29975,29328,29162,31051,38544,vienne
17587,19420,18911,18686,19794,19893,20529,20891,38563,voiron
27419,29295,26889,26577,24949,24629,23373,23775,39198,dole
19348,19137,18648,19309,19515,20665,20683,21347,40088,dax
24444,26166,27326,28328,29489,31225,30629,30674,40192,mont-de-marsan
42264,49778,47243,49318,49171,46492,45710,46813,41018,blois
53385,55198,48708,41759,38896,36806,34831,34762,42187,roanne
37728,40250,40267,38878,37378,35793,34870,35068,42207,saint-chamond
223223,220181,204955,199396,180210,171260,171057,172718,42218,saint-etienne
10047,11684,14043,15099,15627,18194,18815,20410,44020,bouguenais
3744,6239,9664,12877,15377,17805,19411,20510,44026,carquefou
2878,5858,12246,14830,16391,17300,19159,20331,44035,la-chapelle-sur-erdre
12276,13273,14113,16319,17808,18591,20573,23057,44047,coueron
260244,256693,240539,244995,270251,284970,303382,323204,44109,nantes
13510,20239,23245,23115,23554,24504,25634,27872,44114,orvault
33509,35730,33562,33262,35478,38425,39649,42998,44143,reze
17568,39867,41958,42774,43726,43153,45786,49537,44162,saint-herblain
63289,69251,68348,64812,65874,67031,69784,72057,44184,saint-nazaire
14159,17326,17825,22202,25223,25017,26371,28283,44190,saint-sebastien-sur-loire
12089,13853,15631,18235,20268,21443,23124,26002,44215,vertou
13180,16842,19758,20673,20690,21171,21089,21438,45147,fleury-les-aubrais
7860,11568,13629,17572,19195,19583,21639,22855,45232,olivet
95828,106246,102710,105111,113126,114167,114644,116617,45234,orleans
7601,12120,13318,16387,17758,19057,20123,21700,45284,saint-jean-de-braye
19128,20226,19707,19735,20003,20194,19340,20141,46042,cahors
34949,34039,31593,30553,30170,33981,33988,32485,47001,agen
21682,22307,23045,22782,22782,23513,22686,21629,47323,villeneuve-sur-lot
128557,137591,136038,141404,151279,147571,151520,157175,49007,angers
16969,17989,19502,20066,20262,22020,22965,23639,49023,beaupreau-en-mauges
15794,15950,17098,17949,18037,20862,21492,21386,49092,chemille-en-anjou
42620,52976,55524,55132,54204,54098,53800,53936,49099,cholet
17348,18224,19373,20037,20603,23967,25572,25806,49301,sevremoine
31629,32515,32149,30131,29857,27283,27486,26215,49328,saumur
79121,82539,85485,92045,88588,82427,80616,77808,50129,cherbourg-en-cotentin
50764,52275,51137,48423,47339,45299,45268,43877,51108,chalons-en-champagne
26583,29677,27668,26682,25844,24035,23169,22001,51230,epernay
154534,178381,177234,180620,187206,179992,184076,179380,51454,reims
26067,27226,27554,27041,25996,23011,22333,21699,52121,chaumont
36616,37266,35189,33552,30900,25526,25182,23068,52448,saint-dizier
45674,51544,50360,50473,50947,50940,49848,49657,53130,laval
123428,107902,96317,99351,103605,105421,105162,104260,54395,nancy
19686,33909,33682,34105,32048,30974,29923,29537,54547,vandoeuvre-les-nancy
19245,21074,21643,22102,21897,22219,22095,23026,56098,lanester
66444,69769,62554,59271,59189,57204,57567,57846,56121,lorient
36576,40359,42178,45644,51759,52515,53200,54420,56260,vannes
23120,25244,27187,27076,22807,21510,21639,21130,57227,forbach
107537,111869,114232,119594,123776,120738,117492,120874,57463,metz
24520,24519,22114,21983,23437,22540,21430,21854,57480,montigny-les-metz
25079,25684,24719,23117,23202,21540,21236,20624,57631,sarreguemines
40254,43020,40573,39712,40907,41015,40665,42163,57672,thionville
42422,45480,43013,41968,40932,36762,34228,32830,58194,nevers
26178,36769,59527,65320,65042,63572,61920,62067,59009,villeneuve-d-ascq
26916,26346,24834,25219,25273,25375,25066,25581,59017,armentieres
37584,39049,35272,33092,33738,32584,33004,31425,59122,cambrai
23039,24930,23958,23644,24152,22474,21360,20765,59155,coudekerque-branche
21424,20125,19386,20231,20638,20676,21239,20778,59163,croix
27973,26204,21825,19544,20360,20351,19920,20640,59172,denain
49187,45239,42576,42175,42796,42197,39989,39648,59178,douai
96888,99776,100404,98237,97957,92005,88876,86788,59183,dunkerque
13117,24250,26231,24362,23247,20991,23634,20331,59271,grande-synthe
14829,15491,16444,17629,18997,20199,20662,20829,59279,halluin
19037,19866,20008,20567,21396,21598,21709,21498,59295,hazebrouck
26808,29614,28494,28275,28131,28504,27517,27121,59328,lambersart
238554,219204,196705,198691,212597,227560,232741,236710,59350,lille
21007,21530,20640,20657,20869,21592,21442,23013,59360,loos
23203,20999,22115,21601,22399,22442,21533,22488,59368,la-madeleine
35136,36126,35278,36601,37177,38947,39298,39356,59378,marcq-en-baroeul
32028,35399,36061,34989,33546,31046,30100,29066,59392,maubeuge
14097,28070,26638,23578,23017,21887,20993,21467,59410,mons-en-baroeul
114547,109553,101602,97746,96984,94713,96077,98892,59512,roubaix
98755,102239,96908,93765,93540,91923,96809,99011,59599,tourcoing
46626,42473,40275,38441,41278,43335,44043,42991,59606,valenciennes
14274,16391,16275,17986,18541,20046,20963,20836,59646,wasquehal
43754,45440,44626,43675,42753,41541,41264,40836,59650,wattrelos
46859,54089,52365,54190,55392,54711,54881,56677,60057,beauvais
29700,37699,40384,41896,41254,40517,40200,40394,60159,compiegne
32544,32509,34709,31956,30675,33601,35575,36106,60175,creil
11506,15680,16980,19537,19151,18833,19414,21382,60463,nogent-sur-oise
31656,33680,31608,29988,28935,26704,26069,25555,61001,alencon
49180,46483,41736,38983,40590,41611,40721,42600,62041,arras
27154,26982,25508,24556,25971,25655,24995,24992,62119,bethune
49288,48440,47653,43678,44859,43070,42366,40910,62160,boulogne-sur-mer
32341,29435,26649,24927,23998,23408,22119,21827,62178,bruay-la-buissiere
74624,78820,76527,75309,77333,73636,75961,67380,62193,calais
26892,26405,26037,26257,25178,26278,26379,26035,62427,henin-beaumont
41874,40199,38244,35017,36206,35032,30413,32618,62498,lens
35853,33070,33096,33623,33427,31873,31237,30149,62510,lievin
148759,156763,147224,136181,137140,139860,141398,147327,63113,clermont-ferrand
5587,12583,16949,19156,18866,19244,19768,20193,63124,cournon-d-auvergne
21190,25245,29821,33041,35263,38032,38724,41153,64024,anglet
42743,42938,41381,40051,40078,44820,49207,52749,64102,bayonne
26750,27595,26598,28742,30055,25306,24457,25764,64122,biarritz
74005,83498,83790,82157,78732,81166,77215,77066,64445,pau
55375,54897,51422,47566,46275,43034,40593,43955,65440,tarbes
102191,106426,111669,105983,105115,117419,121934,119656,66136,perpignan
22944,25147,26629,27675,32242,34280,34846,35715,67180,haguenau
11648,16330,19857,22307,23815,26805,26605,27118,67218,illkirch-graffenstaden
8287,10479,14688,16480,16860,16441,18328,20266,67267,lingolsheim
29198,30144,29574,29155,30841,30952,31767,34129,67447,schiltigheim
249396,253384,248712,252338,264115,271782,277270,291313,67482,strasbourg
59506,64771,62483,63498,65136,67615,70284,67730,68066,colmar
116336,117013,112157,108357,110359,109588,110370,106341,68224,mulhouse
14845,18007,18682,19547,19961,20127,20401,22698,68297,saint-louis
41619,44563,40638,39683,37369,38717,40694,43049,69029,bron
37603,43041,41931,41311,41233,41209,42292,43572,69034,caluire-et-cuire
19048,21968,20544,19777,18437,19118,19374,20654,69091,givors
527800,456716,413095,415487,445452,484344,513275,522250,69123,lyon
34634,37821,36636,35703,35146,35134,36685,37628,69149,oullins-pierre-benite
16583,21698,21521,21450,21193,21742,21978,21858,69202,sainte-foy-les-lyon
7128,13162,14353,18782,19221,20357,21342,20929,69204,saint-genis-laval
12983,14886,15001,15460,15977,19511,21793,22676,69244,tassin-la-demi-lune
20726,37866,44160,44174,39154,41421,47313,52139,69256,vaulx-en-velin
47613,74347,64804,60444,56061,59855,64273,66363,69259,venissieux
26338,30341,28881,29542,30647,35326,36671,35913,69264,villefranche-sur-saone
119879,116535,115960,116872,124215,145150,148665,156928,69266,villeurbanne
15297,20031,22832,24564,24193,25562,27362,29731,69275,decines-charpieu
10012,19435,26776,28077,28009,30272,32863,35882,69282,meyzieu
18152,30676,31560,30791,28367,29952,30375,31247,69286,rillieux-la-pape
20419,36734,42677,41876,40974,41964,45097,48822,69290,saint-priest
50589,58187,56194,54575,50124,44985,45390,45031,71076,chalon-sur-saone
34102,33366,32149,28909,26283,22783,21887,20731,71153,le-creusot
34227,39344,38404,37275,34469,34040,33236,34448,71270,macon
143246,152285,147697,145502,146105,142626,143325,145004,72181,le-mans
20627,22210,23451,24683,25732,27750,29822,31874,73008,aix-les-bains
51056,54415,53427,54120,55786,57342,59697,59856,73065,chambery
78266,96527,101087,107537,112379,118821,125694,131715,74010,annecy
17166,23384,26204,27669,27253,32196,35234,37918,74012,annemasse
20700,24454,24844,28401,28927,33925,34895,37027,74281,thonon-les-bains
2590771,2299830,2176243,2152423,2125246,2243833,2206488,2133111,75056,paris
39025,39466,35957,35894,34653,31963,29965,28358,76217,dieppe
25611,31963,31650,27658,26679,24930,25652,25975,76322,le-grand-quevilly
207150,217882,199388,195854,190905,175497,172366,166058,76351,le-havre
16031,19146,19736,19961,21265,19341,19209,20066,76451,mont-saint-aignan
22876,22401,22876,22600,22332,21898,22511,21782,76498,le-petit-quevilly
120471,114834,101945,102723,106592,110933,110169,114083,76540,rouen
34713,37242,32444,30731,29092,28102,28468,28508,76575,saint-etienne-du-rouvray
34495,31659,30558,29544,29553,28835,29009,28965,76681,sotteville-les-rouen
462,441,456,1545,9194,23341,26346,26571,77058,bussy-saint-georges
4446,5095,16739,21611,24553,24418,25052,25695,77083,champs-sur-marne
33281,36516,41838,45365,45399,52779,53833,54309,77108,chelles
6192,11093,13759,19973,20953,21554,22154,22240,77122,combs-la-ville
12057,19741,19794,21148,20659,20722,21712,22845,77152,dammarie-les-lys
15743,16465,17959,18643,19368,20236,21488,21191,77243,lagny-sur-marne
30214,42243,45005,48305,49421,50755,53720,55616,77284,meaux
4426,10056,13917,20933,21217,20609,20756,20207,77285,le-mee-sur-seine
34524,37712,35005,35319,35695,39589,39914,42367,77288,melun
13122,13741,12731,15205,16869,18499,19847,20627,77294,mitry-mory
19789,21568,19413,18657,17625,16681,18871,22259,77305,montereau-fault-yonne
4739,11778,13719,19031,20707,20268,20137,20692,77350,ozoir-la-ferriere
9282,16761,19037,26804,32886,35561,38370,38258,77373,pontault-combault
2561,10881,15274,18688,19693,22321,23048,23061,77390,roissy-en-brie
828,2881,11835,18520,22339,28599,30260,30510,77445,savigny-le-temple
3401,4800,12279,18681,21595,22425,23558,22444,77468,torcy
13470,14817,16659,18790,21296,24122,26255,26822,77514,villeparisis
10444,15172,15351,15039,18942,19626,21053,21368,78005,acheres
24687,25696,23326,22834,21527,20971,21037,20476,78126,la-celle-saint-cloud
22619,26550,28437,27977,28588,30173,31058,29649,78146,chatou
15070,26815,31681,33413,31748,32190,31686,30924,78158,le-chesnay-rocquencourt
26304,31066,28977,31467,33327,35380,35019,35926,78172,conflans-sainte-honorine
861,10629,20129,22584,26655,26829,25504,26082,78208,elancourt
1493,3450,10983,18307,25079,27966,27801,29406,78297,guyancourt
29338,30345,29537,29650,29634,31557,31981,33449,78311,houilles
24223,23504,22595,22173,21856,22817,23371,23080,78358,maisons-laffitte
26062,42465,43564,45087,43672,42969,44799,44539,78361,mantes-la-jolie
14632,16708,17360,19081,19231,19234,19778,21376,78362,mantes-la-ville
937,1550,14093,31687,35216,33337,33123,31777,78423,montigny-le-bretonneux
21733,28165,31619,33089,31739,30859,32048,33977,78440,les-mureaux
6869,21259,22593,25877,31045,30958,31857,31375,78490,plaisir
33613,37497,36389,36745,35841,37680,37093,40016,78498,poissy
14505,18941,21438,24343,24758,26159,25456,26816,78517,rambouillet
16001,16537,14996,14829,14566,17401,18221,20971,78545,saint-cyr-l-ecole
39274,39538,40806,43979,42584,44566,43976,44380,78551,saint-germain-en-laye
40277,42253,46197,50329,50219,51150,52538,51220,78586,sartrouville
16799,22895,29763,30878,28812,29380,32346,33717,78621,trappes
15471,22611,22430,20725,20342,20089,21090,22713,78640,velizy-villacoublay
90863,94190,91542,87837,85776,86161,85823,83587,78646,versailles
55984,62267,58203,57012,56663,57325,58952,59309,79191,niort
23999,25398,24915,23787,24567,24155,23278,22595,80001,abbeville
117888,131476,131332,131872,135501,133448,132874,133625,80021,amiens
42930,46162,45947,46579,46274,48916,49475,49714,81004,albi
40457,45978,45578,44812,43496,42314,41483,42672,81065,castres
45872,48028,50682,51224,51855,56271,59982,61919,82121,montauban
18376,21448,26667,30183,32829,36391,40278,39745,83050,draguignan
23629,28851,31662,41486,46801,51839,52897,57082,83061,frejus
9629,15506,19805,22412,25329,25930,25047,25912,83062,la-garde
34875,36123,38999,48043,51417,54600,56478,55103,83069,hyeres
17844,21080,24118,26616,30671,33603,35296,35950,83118,saint-raphael
43783,51155,57659,59968,60188,62082,64903,62763,83126,la-seyne-sur-mer
15118,20090,25526,28957,32742,34897,33339,36203,83129,six-fours-les-plages
174746,181801,179423,167619,160639,164532,167479,180452,83137,toulon
11194,14745,18296,20687,21739,20754,23347,23955,83144,la-valette-du-var
86096,90786,89132,86939,85935,89683,92130,90330,84007,avignon
21388,24251,24838,24212,26090,29278,28699,30769,84031,carpentras
18544,21259,20615,23102,24563,24951,26707,25923,84035,cavaillon
24562,25371,26499,26964,27989,29135,29561,28949,84087,orange
8355,10117,12430,15791,17833,18931,19645,20012,84089,pertuis
8558,11794,12845,14203,16132,18686,20133,22494,85047,challans
9057,11142,12474,13736,15562,18790,19942,20605,85146,montaigu-vendee
36067,44713,45098,45219,49262,52664,53578,54952,85191,la-roche-sur-yon
28218,30969,32436,35352,38500,41574,42649,48402,85194,les-sables-d-olonne
35793,37080,35838,34678,34126,32459,31809,31284,86066,chatellerault
71129,81313,79350,78894,83448,87697,87918,90240,86194,poitiers
133019,143725,140418,133486,133994,139150,133627,129760,87085,limoges
36856,39604,37818,36732,35794,32842,31938,32285,88160,epinal
36063,38342,38741,38819,37790,36200,34583,34778,89024,auxerre
23035,25991,26062,26433,26118,24883,25784,27034,89387,sens
53214,54615,51206,50125,50417,50078,49519,45155,90010,belfort
27638,30735,28494,29121,29427,30393,32792,36222,91027,athis-mons
12688,19572,18662,19671,21650,23334,26215,27106,91103,bretigny-sur-orge
16031,22727,23899,24468,23617,25377,26077,25423,91114,brunoy
32192,38859,37846,40345,39378,43086,50412,52683,91174,corbeil-essonnes
25352,28602,26543,27867,28093,28491,29300,29173,91201,draveil
16493,19651,19386,21457,21839,23158,24271,26529,91223,etampes
7292,19663,34542,58793,63391,65947,67215,66177,91228,evry-courcouronnes
7298,12945,17166,19754,21364,20654,21069,22352,91272,gif-sur-yvette
2938,25653,26180,24920,24512,26638,28424,27257,91286,grigny
12929,18170,18370,19864,19957,21361,21724,20620,91345,longjumeau
37055,41344,40135,38574,37712,42258,48363,50962,91377,massy
21768,23786,22039,21677,21905,22880,23727,23800,91421,montgeron
15258,20156,20332,19401,19335,20944,21423,20785,91434,morsang-sur-orge
23343,28716,28369,28395,28965,30285,33114,34893,91477,palaiseau
23511,27249,24925,24677,24436,27463,27797,29825,91521,ris-orangis
23684,31859,30439,31286,32125,34195,35857,35846,91549,sainte-genevieve-des-bois
15268,20727,20044,20771,20375,20046,20160,21437,91570,saint-michel-sur-orge
31956,34478,32502,33295,36258,36842,36262,37371,91589,savigny-sur-orge
22577,26550,24462,25203,25652,27331,30728,31050,91657,vigneux-sur-seine
27045,32411,30224,30580,30257,32045,30831,31045,91687,viry-chatillon
18206,23162,25715,27136,27455,29050,28921,28699,91691,yerres
0,20316,28256,27197,25785,24792,24764,25253,91692,les-ulis
56638,57540,54610,57771,59855,61793,61711,63232,92002,antony
80113,75431,71077,71850,75837,82327,86512,89662,92004,asnieres-sur-seine
42006,40674,40385,36364,37252,38080,39487,43699,92007,bagneux
28934,26657,23780,24415,23885,29284,28043,29765,92009,bois-colombes
109008,103578,102582,101743,106367,114205,117931,119808,92012,boulogne-billancourt
18711,18221,18070,18499,18251,19985,20249,20810,92014,bourg-la-reine
27484,30497,28580,29197,30621,32111,33330,34898,92019,chatenay-malabry
24640,26574,24834,26411,28622,32619,37159,36777,92020,chatillon
54906,52952,48353,47227,48572,52546,52645,54491,92023,clamart
52477,47764,46895,48030,50179,58916,60435,64849,92024,clichy
80357,83390,78777,78513,76757,85398,85199,88870,92025,colombes
58118,54488,59830,65389,69694,87469,83136,81516,92026,courbevoie
23388,25630,23947,23354,23537,23351,23963,24772,92032,fontenay-aux-roses
26562,24038,20990,21754,24067,27628,29682,29932,92035,la-garenne-colombes
46074,50290,45396,44818,42513,41364,44551,49410,92036,gennevilliers
50512,47625,45835,46194,52647,64355,69093,68580,92040,issy-les-moulineaux
58941,52523,53500,47548,54700,64253,64195,68009,92044,levallois-perret
36198,34121,32553,30959,29402,30982,29897,30292,92046,malakoff
50623,52806,48450,45339,43663,45058,45317,46342,92048,meudon
44922,40304,38517,38106,37733,48597,48991,47657,92049,montrouge
90332,95032,88578,84565,84281,89185,93742,97351,92050,nanterre
70995,65983,64170,61768,59848,61754,60910,59267,92051,neuilly-sur-seine
22557,22197,21239,21257,21618,27727,28974,29228,92060,le-plessis-robinson
37946,35514,36117,42756,40780,44753,45146,43672,92062,puteaux
60804,62727,63412,66401,73469,79426,78794,78186,92063,rueil-malmaison
28158,28139,28561,28597,28157,29873,29362,29727,92064,saint-cloud
19913,19709,18317,18052,19494,19638,19355,20488,92071,sceaux
20083,21149,20208,21990,22534,22978,23332,22618,92072,sevres
40616,37537,35187,35998,39706,46723,48565,49104,92073,suresnes
25068,22464,22805,25900,25414,27002,27806,28014,92075,vanves
22715,23691,23906,23824,22349,25183,24433,25371,92078,villeneuve-la-garenne
73695,72976,67719,67557,63136,76087,83782,90071,93001,aubervilliers
61521,78137,75996,82314,80021,82120,83584,86135,93005,aulnay-sous-bois
34054,35906,32557,32600,32511,33883,35881,39366,93006,bagnolet
48487,49107,47037,46956,46936,51438,55297,58257,93007,le-blanc-mesnil
39453,43125,42723,44659,44079,47492,51716,55056,93008,bobigny
51652,48333,44301,46676,46826,53530,53439,52905,93010,bondy
16357,22422,24654,28180,28288,29750,30082,29735,93014,clichy-sous-bois
43318,37958,33537,34139,35310,38007,41733,47160,93027,la-courneuve
68467,64430,60183,60707,62263,66410,69568,71363,93029,drancy
41774,46578,50314,48762,46409,54518,54840,53489,93031,epinay-sur-seine
35780,36772,34861,36059,36715,39056,39603,40189,93032,gagny
15817,20054,20354,20118,20226,22228,22964,23469,93045,les-lilas
32063,32917,32778,35387,37288,41808,44415,46028,93046,livry-gargan
21063,23237,22926,25556,24121,25269,25725,27980,93047,montfermeil
95698,96587,93368,94754,90674,102770,106691,111455,93048,montreuil
17613,18185,16960,18195,18236,20508,21165,21415,93049,neuilly-plaisance
22543,30168,31195,31461,32754,33498,34763,37531,93050,neuilly-sur-marne
25440,26662,40585,54032,58217,62964,66213,70374,93051,noisy-le-grand
34079,37734,36880,36309,37312,39733,43390,46094,93053,noisy-le-sec
47607,42739,43553,47303,49919,54136,55180,60800,93055,pantin
19084,18638,17185,17375,18420,21746,23356,24165,93057,les-pavillons-sous-bois
19017,20819,22366,23822,25816,27883,29629,32379,93059,pierrefitte-sur-seine
24091,26260,25363,23563,23779,25771,26031,33266,93063,romainville
30705,35784,36970,37489,39105,41050,44728,45655,93064,rosny-sous-bois
99268,96132,90829,89988,85832,106785,111103,113942,93066,saint-denis
48886,43588,43606,42343,39722,47189,48431,53207,93070,saint-ouen-sur-seine
20253,34221,41809,48478,47063,49832,50480,51845,93071,sevran
32169,35545,36079,34879,32839,33829,39551,40359,93072,stains
18482,26846,29644,31385,33885,34493,35381,37271,93073,tremblay-en-france
28756,28727,27571,26863,26995,28006,29847,30332,93077,villemomble
12103,17565,23745,30303,33782,35658,36514,38725,93078,villepinte
35023,38057,36231,36119,36232,44201,44410,45046,94002,alfortville
21877,20330,20064,20334,18061,19775,21516,21557,94003,arcueil
26187,26442,23930,24266,24838,28248,30433,30592,94016,cachan
70419,80291,76176,79486,74237,75510,76508,77724,94017,champigny-sur-marne
22300,20468,20500,21872,26582,29348,30722,29445,94018,charenton-le-pont
16168,17687,16026,16223,18149,18498,19169,20326,94021,chevilly-larue
41440,38705,35476,34068,34336,40905,43846,46129,94022,choisy-le-roi
49197,59023,71693,82088,82154,89985,90739,92989,94028,creteil
38962,46475,52627,51868,50921,53145,53649,51812,94033,fontenay-sous-bois
26847,28539,25902,26959,25213,26248,27154,28780,94034,fresnes
24352,31412,29568,29746,29660,30201,30736,31392,94038,l-hay-les-roses
60455,62856,55699,53619,50972,57732,59572,64001,94041,ivry-sur-seine
17467,17608,16934,16657,17117,17802,18859,20413,94042,joinville-le-pont
20798,20061,17543,19348,23724,26046,25640,24380,94043,le-kremlin-bicetre
11456,16496,16566,16070,17529,19901,25639,27999,94044,limeil-brevannes
53149,54146,51065,53375,51103,52943,54915,58068,94046,maisons-alfort
26238,25634,24630,25248,28191,31637,31550,33472,94052,nogent-sur-marne
30197,26104,23766,21646,20470,21395,23272,24482,94054,orly
29099,28333,27647,28477,30080,32520,33970,34213,94058,le-perreux-sur-marne
8392,12991,13565,14583,16656,19194,20102,20218,94059,le-plessis-trevise
23044,20968,18673,18684,19697,22396,22401,21195,94067,saint-mande
77251,80920,80811,77206,73069,74816,75168,75441,94068,saint-maur-des-fosses
17206,21984,23379,25839,24812,25820,26264,27622,94071,sucy-en-brie
22481,27298,26637,27515,28232,29653,28942,31097,94073,thiais
51120,55606,52448,48405,47384,55490,56661,57753,94076,villejuif
23074,21096,20512,20325,18292,18479,20732,21129,94077,villeneuve-le-roi
30467,31664,28119,26952,28361,32239,32626,35492,94078,villeneuve-saint-georges
15789,22293,22022,22740,26632,27338,28511,30669,94079,villiers-sur-marne
49143,44261,42870,42267,43595,48471,49461,48798,94080,vincennes
77846,87316,85263,82400,78908,85413,92531,96205,94081,vitry-sur-seine
90480,102530,95347,93096,93961,103125,110388,107221,95018,argenteuil
24475,25193,24019,25680,26263,27987,28674,32017,95063,bezons
2895,8896,19357,48141,54719,56988,63395,68348,95127,cergy
13829,14063,14484,17417,19643,23038,23661,26741,95176,cormeilles-en-parisis
15613,15689,16387,19062,20160,21509,22085,22510,95197,deuil-la-barre
22278,23668,22227,22153,22882,24062,24609,25373,95203,eaubonne
23842,25492,24394,27947,27494,27446,28832,28987,95219,ermont
16205,24231,32948,33802,33497,33097,34920,37520,95252,franconville
27312,37927,40182,42144,40058,40012,42501,42841,95268,garges-les-gonesse
21187,21390,22896,23152,24721,26356,26142,25963,95277,gonesse
16197,25182,23543,24812,27356,30996,31025,30693,95280,goussainville
12264,16397,19647,22135,23083,26016,28341,31605,95306,herblay-sur-seine
7022,8288,13644,17012,17183,19041,20789,22603,95424,montigny-les-cormeilles
18691,20860,20798,20920,20599,21194,21258,21870,95428,montmorency
16827,26029,26795,27166,27494,29548,30487,31327,95500,pontoise
14947,20338,20470,19338,19226,20156,20827,20866,95555,saint-gratien
9957,15948,17098,18673,19660,23608,24498,25023,95572,saint-ouen-l-aumone
19060,18578,21665,25229,25349,26090,27002,26768,95582,sannois
51674,55007,53630,56833,57871,58614,57412,58424,95585,sarcelles
12902,16963,21299,25151,25909,26144,26077,27025,95607,taverny
19119,21876,24808,26110,26145,26736,27564,28836,95680,villiers-le-bel
39911,53605,56165,62605,63054,58534,55306,52118,97101,les-abymes
7398,8348,10475,15036,23389,30251,31209,30909,97103,baie-mahault
13025,13906,15381,20688,25360,26311,27057,27184,97113,le-gosier
16111,16705,15224,18054,20827,22381,22329,22645,97117,le-moule
10342,11948,13078,14867,20528,23199,24086,24272,97118,petit-bourg
13435,13785,13826,16934,20410,24192,24379,24281,97128,sainte-anne
96943,98807,99844,100080,94049,87216,82502,74921,97209,fort-de-france
18553,23145,26367,30028,35460,39360,40033,39641,97213,le-lamentin
13905,14505,15386,17713,21240,23918,23139,21305,97222,le-robert
24518,30461,38091,41067,50594,55753,57614,63468,97302,cayenne
3117,4720,7061,13873,19107,25189,26221,24612,97304,kourou
567,1133,2532,10152,18032,28110,32427,34810,97307,matoury
2062,2950,6773,11701,15555,19279,23976,27274,97309,remire-montjoly
5031,5055,6971,13616,19211,38367,43600,50250,97311,saint-laurent-du-maroni
19768,25068,30131,34692,38412,38418,35280,33336,97407,le-port
7626,10112,11002,15614,21904,30373,32720,35245,97408,la-possession
22094,25231,30075,35049,43174,53955,55730,57150,97409,saint-andre
19492,21658,23541,26187,31560,35063,37940,37023,97410,saint-benoit
85444,103512,109072,121999,131557,145022,146985,154765,97411,saint-denis
22361,23653,23307,25630,30293,35976,37608,38807,97412,saint-joseph
16870,17396,18207,20931,25314,30966,33701,34893,97413,saint-leu
26663,30291,31785,37420,43519,52038,53524,53935,97414,saint-louis
43129,52554,58412,71669,87712,103346,105967,105240,97415,saint-paul
40355,46060,50082,58846,68915,79228,84063,84077,97416,saint-pierre
14367,16566,17251,20158,26582,29951,32940,34344,97418,sainte-marie
11151,11984,13196,14695,18144,22421,23068,24293,97420,sainte-suzanne
31378,36107,40545,47593,60323,73365,76310,81943,97422,le-tampon
